,Flight,Destination,Estimated Time,Gate,Status,Date
0,QF671,Melbourne,6:57am,24,landed,11/06/2026
1,QF2580,Port Lincoln,7:05am,50,landed,11/06/2026
2,ZL4351,Port Lincoln,7:50am,Bus,landed,11/06/2026
3,JQ776,Melbourne,8:05am,25,landed,11/06/2026
4,QF731,Sydney,7:50am,23,landed,11/06/2026
5,VA211,Melbourne,8:00am,14,landed,11/06/2026
6,ZL4612,Mount Gambier,8:05am,Bus,landed,11/06/2026
7,JQ760,Sydney,8:10am,,cancelled,11/06/2026
8,QF1801,Brisbane,8:25am,24,landed,11/06/2026
9,VA404,Sydney,8:40am,12,landed,11/06/2026
10,NC787,Carrapateena,9:00am,,landed,11/06/2026
11,QF2572,Whyalla,9:15am,,landed,11/06/2026
12,QF2551,Canberra,9:22am,50,landed,11/06/2026
13,JQ800,Brisbane,9:26am,26,landed,11/06/2026
14,QF675,Melbourne,9:26am,25,landed,11/06/2026
15,QQ3103,Olympic Dam,9:30am,14,landed,11/06/2026
16,NC233,Prominent Hill,9:35am,,landed,11/06/2026
17,QF1993,Sydney,9:53am,23,landed,11/06/2026
18,QF882,Perth,9:35am,22,landed,11/06/2026
19,QF1907,Darwin,9:57am,21,landed,11/06/2026
20,QQ3105,Olympic Dam,10:00am,21,landed,11/06/2026
21,QF2582,Port Lincoln,9:43am,,landed,11/06/2026
22,VA217,Melbourne,10:15am,12,landed,11/06/2026
23,ZL4357,Port Lincoln,10:20am,Bus,landed,11/06/2026
24,QF1791,Melbourne,10:20am,17,cancelled,11/06/2026
25,ZL4125,Ceduna,10:25am,Bus,landed,11/06/2026
26,JQ774,Melbourne,10:51am,25,landed,11/06/2026
27,VA412,Sydney,11:00am,15,landed,11/06/2026
28,NC243,Port Augusta,10:20am,,landed,11/06/2026
29,VA219,Melbourne,10:50am,14,landed,11/06/2026
30,QF733,Sydney,11:03am,23,landed,11/06/2026
31,VA1388,Brisbane,10:50am,16,landed,11/06/2026
32,QF1803,Brisbane,11:04am,24,landed,11/06/2026
33,JQ762,Sydney,11:05am,20,landed,11/06/2026
34,QF679,Melbourne,11:07am,22,landed,11/06/2026
35,ZL4618,Mount Gambier,11:25am,Bus,landed,11/06/2026
36,QF2561,Kingscote,11:37am,,landed,11/06/2026
37,JQ772,Melbourne,11:15am,26,landed,11/06/2026
38,VA712,Perth,11:25am,12,landed,11/06/2026
39,VA414,Sydney,11:40am,19,landed,11/06/2026
40,QF735,Sydney,11:44am,25,landed,11/06/2026
41,QF6297,Melbourne,12:35pm,21,landed,11/06/2026
42,QF1805,Brisbane,12:15pm,15,landed,11/06/2026
43,JQ963,Cairns,2:10pm,26,landed,11/06/2026
44,NC783,Carrapateena,2:00pm,,landed,11/06/2026
45,QF1909,Newcastle,1:40pm,23,landed,11/06/2026
46,JQ499,Gold Coast,1:58pm,25,landed,11/06/2026
47,QF884,Perth,12:57pm,19,landed,11/06/2026
48,QF683,Melbourne,1:29pm,22,landed,11/06/2026
49,ZL4367,Port Lincoln,1:35pm,Bus,landed,11/06/2026
50,QF737,Sydney,1:31pm,24,landed,11/06/2026
51,VA227,Melbourne,1:37pm,16,landed,11/06/2026
52,ZL4823,Broken Hill,1:45pm,Bus,landed,11/06/2026
53,QQ3119,Olympic Dam,1:45pm,12,landed,11/06/2026
54,VA418,Sydney,1:45pm,15,landed,11/06/2026
55,JQ859,Perth,2:13pm,21,landed,11/06/2026
56,QQ8629,Moomba,2:30pm,,landed,11/06/2026
57,ZL4377,Port Lincoln,4:05pm,Bus,landed,11/06/2026
58,QF2586,Port Lincoln,3:25pm,50,landed,11/06/2026
59,QF1797,Canberra,3:35pm,17,cancelled,11/06/2026
60,QF7945,Canberra,3:40pm,50,landed,11/06/2026
61,VA231,Melbourne,3:30pm,12,landed,11/06/2026
62,QF687,Melbourne,3:40pm,20,landed,11/06/2026
63,QF739,Sydney,4:12pm,22,landed,11/06/2026
64,VA1448,Gold Coast,4:45pm,14,landed,11/06/2026
66,QF1283,Brisbane,5:37pm,23,landed,11/06/2026
67,VA233,Melbourne,6:05pm,16,landed,11/06/2026
68,JQ778,Melbourne,5:20pm,25,landed,11/06/2026
69,NC239,Prominent Hill,7:20pm,0,landed,11/06/2026
70,QF886,Perth,5:30pm,0,cancelled,11/06/2026
71,ZL4135,Ceduna,5:50pm,,landed,11/06/2026
72,VA718,Perth,5:30pm,12,landed,11/06/2026
73,QF691,Melbourne,5:33pm,21,landed,11/06/2026
74,JQ807,Maroochydore,6:15pm,26,landed,11/06/2026
75,NC245,Port Augusta,5:55pm,0,landed,11/06/2026
76,NC785,Carrapateena,6:05pm,50,landed,11/06/2026
77,QF856,Perth,6:38pm,24,landed,11/06/2026
78,VA1398,Brisbane,5:55pm,14,landed,11/06/2026
79,VA237,Melbourne,6:00pm,13,landed,11/06/2026
80,ZL4389,Port Lincoln,6:35pm,,landed,11/06/2026
81,QF2576,Whyalla,6:55pm,17,cancelled,11/06/2026
82,ZL4632,Mount Gambier,6:20pm,,landed,11/06/2026
83,QF741,Sydney,6:14pm,22,landed,11/06/2026
84,QQ3141,Olympic Dam,6:30pm,,landed,11/06/2026
85,QF693,Melbourne,7:02pm,19,landed,11/06/2026
86,QF1857,Alice Springs,7:26pm,23,landed,11/06/2026
87,QF743,Sydney,6:58pm,21,landed,11/06/2026
88,VA1504,Cairns,7:20pm,15,landed,11/06/2026
89,QQ3143,Olympic Dam,6:55pm,0,landed,11/06/2026
90,VA434,Sydney,7:15pm,14,landed,11/06/2026
91,QF1809,Brisbane,7:25pm,16,landed,11/06/2026
92,QF1905,Darwin,7:55pm,24,landed,11/06/2026
93,QF697,Melbourne,7:55pm,22,landed,11/06/2026
94,ZL4847,Broken Hill,9:05pm,,landed,11/06/2026
95,ZL4397,Port Lincoln,9:30pm,,landed,11/06/2026
96,QF1799,Canberra,8:38pm,23,landed,11/06/2026
97,JQ621,Avalon,8:56pm,24,landed,11/06/2026
98,VA442,Sydney,9:15pm,13,landed,11/06/2026
99,VA247,Melbourne,9:03pm,15,landed,11/06/2026
100,QF1811,Brisbane,9:38pm,19,landed,11/06/2026
101,VA579,Canberra,9:20pm,12,landed,11/06/2026
102,QF888,Perth,9:15pm,20,landed,11/06/2026
103,JQ782,Melbourne,10:24pm,26,landed,11/06/2026
104,JQ768,Sydney,10:10pm,25,landed,11/06/2026
105,VA1404,Brisbane,10:00pm,14,landed,11/06/2026
106,VA722,Perth,10:20pm,13,landed,11/06/2026
107,QF749,Sydney,10:31pm,19,landed,11/06/2026
0,QF671,Melbourne,7:55am,21,landed,13/06/2026
1,QF2580,Port Lincoln,7:08am,,landed,13/06/2026
2,JQ776,Melbourne,8:01am,26,landed,13/06/2026
3,ZL4612,Mount Gambier,8:05am,Bus,landed,13/06/2026
4,JQ760,Sydney,7:55am,19,landed,13/06/2026
5,QF1801,Brisbane,8:31am,23,landed,13/06/2026
6,ZL4353,Port Lincoln,9:00am,,landed,13/06/2026
7,JQ800,Brisbane,9:07am,25,landed,13/06/2026
8,QF675,Melbourne,9:32am,22,landed,13/06/2026
9,QF1993,Sydney,10:06am,24,landed,13/06/2026
10,QF1907,Darwin,9:31am,21,landed,13/06/2026
11,QQ3205,Olympic Dam,10:00am,26,landed,13/06/2026
12,VA217,Melbourne,10:10am,14,landed,13/06/2026
13,QF1795,Canberra,10:45am,23,landed,13/06/2026
14,JQ774,Melbourne,10:43am,25,landed,13/06/2026
15,VA412,Sydney,11:10am,13,landed,13/06/2026
16,ZL4363,Port Lincoln,11:00am,Bus,landed,13/06/2026
17,QF733,Sydney,11:30am,20,landed,13/06/2026
18,VA219,Melbourne,11:35am,12,landed,13/06/2026
19,VA1388,Brisbane,11:05am,14,landed,13/06/2026
20,JQ762,Sydney,11:45am,24,landed,13/06/2026
21,QF2561,Kingscote,11:12am,,landed,13/06/2026
22,QF679,Melbourne,11:18am,21,landed,13/06/2026
23,VA712,Perth,11:30am,17,cancelled,13/06/2026
24,JQ772,Melbourne,12:00pm,26,landed,13/06/2026
25,QF1281,Brisbane,12:14pm,23,landed,13/06/2026
26,QF1817,Alice Springs,1:10pm,22,landed,13/06/2026
27,JQ963,Cairns,12:49pm,25,landed,13/06/2026
28,JQ499,Gold Coast,1:29pm,19,landed,13/06/2026
29,JQ859,Perth,1:55pm,20,landed,13/06/2026
30,ZL4367,Port Lincoln,1:35pm,Bus,landed,13/06/2026
31,QF683,Melbourne,1:41pm,23,landed,13/06/2026
32,QF737,Sydney,1:45pm,24,landed,13/06/2026
33,VA227,Melbourne,1:45pm,13,landed,13/06/2026
34,VA418,Sydney,2:30pm,14,landed,13/06/2026
35,QF2586,Port Lincoln,3:25pm,,landed,13/06/2026
36,QF687,Melbourne,4:00pm,21,landed,13/06/2026
37,VA424,Sydney,4:12pm,14,landed,13/06/2026
38,QF739,Sydney,4:35pm,22,landed,13/06/2026
39,VA1448,Gold Coast,4:30pm,15,landed,13/06/2026
41,QF1807,Brisbane,4:38pm,23,landed,13/06/2026
42,VA233,Melbourne,5:22pm,12,landed,13/06/2026
43,JQ778,Melbourne,5:19pm,26,landed,13/06/2026
44,VA718,Perth,5:30pm,13,landed,13/06/2026
45,JQ807,Maroochydore,5:40pm,25,landed,13/06/2026
46,VA1398,Brisbane,5:55pm,16,landed,13/06/2026
47,QF741,Sydney,6:22pm,24,landed,13/06/2026
48,QF693,Melbourne,6:57pm,20,landed,13/06/2026
49,VA1504,Cairns,6:55pm,15,landed,13/06/2026
50,QF1809,Brisbane,7:14pm,21,landed,13/06/2026
51,QF1905,Darwin,7:07pm,23,landed,13/06/2026
52,PFY9921,Perth,9:20pm,Bus,landed,13/06/2026
53,QF888,Perth,9:27pm,23,landed,13/06/2026
54,JQ782,Melbourne,9:52pm,14,landed,13/06/2026
55,JQ768,Sydney,9:55pm,25,landed,13/06/2026
56,QF749,Sydney,10:29pm,19,landed,13/06/2026
0,QF671,Melbourne,6:55am,20,landed,14/06/2026
1,JQ776,Melbourne,8:05am,22,landed,14/06/2026
2,JQ760,Sydney,8:20am,19,landed,14/06/2026
3,JQ800,Brisbane,9:10am,26,landed,14/06/2026
4,QF1907,Darwin,9:37am,22,landed,14/06/2026
5,QF2582,Port Lincoln,9:44am,,landed,14/06/2026
6,VA217,Melbourne,10:05am,15,landed,14/06/2026
7,JQ961,Cairns,10:10am,19,landed,14/06/2026
8,JQ857,Perth,10:14am,26,landed,14/06/2026
9,QF1795,Canberra,10:19am,21,landed,14/06/2026
10,VA412,Sydney,11:05am,14,landed,14/06/2026
11,ZL4363,Port Lincoln,11:15am,Bus,landed,14/06/2026
12,VA219,Melbourne,10:55am,13,landed,14/06/2026
13,QF733,Sydney,11:29am,24,landed,14/06/2026
14,VA1388,Brisbane,11:05am,16,landed,14/06/2026
15,JQ762,Sydney,11:00am,20,landed,14/06/2026
16,QF1803,Brisbane,11:28am,23,landed,14/06/2026
17,QF679,Melbourne,12:24pm,20,landed,14/06/2026
18,JQ772,Melbourne,11:15am,26,landed,14/06/2026
19,VA712,Perth,11:20am,15,landed,14/06/2026
20,QF2017,Sydney,1:35pm,,landed,14/06/2026
21,QF735,Sydney,12:00pm,22,landed,14/06/2026
22,QF1281,Brisbane,12:36pm,21,landed,14/06/2026
23,QF1817,Alice Springs,12:33pm,19,landed,14/06/2026
24,QF2584,Port Lincoln,12:30pm,,landed,14/06/2026
25,JQ963,Cairns,12:47pm,26,landed,14/06/2026
26,JQ499,Gold Coast,1:13pm,25,landed,14/06/2026
27,QF884,Perth,1:14pm,22,landed,14/06/2026
28,QF683,Melbourne,1:25pm,20,landed,14/06/2026
29,ZL4367,Port Lincoln,1:50pm,,landed,14/06/2026
30,QF737,Sydney,1:38pm,23,landed,14/06/2026
31,VA227,Melbourne,1:40pm,15,landed,14/06/2026
32,VA418,Sydney,2:00pm,14,landed,14/06/2026
33,QF2574,Whyalla,1:48pm,,landed,14/06/2026
34,ZL4825,Broken Hill,2:50pm,Bus,landed,14/06/2026
35,QF2551,Canberra,3:25pm,,landed,14/06/2026
36,QF2586,Port Lincoln,3:27pm,,landed,14/06/2026
37,QF1797,Canberra,3:24pm,20,landed,14/06/2026
38,QF1909,Newcastle,3:32pm,24,landed,14/06/2026
39,QF687,Melbourne,3:32pm,23,landed,14/06/2026
40,VA231,Melbourne,3:40pm,16,landed,14/06/2026
41,JQ680,Hobart,4:00pm,25,landed,14/06/2026
42,VA424,Sydney,4:00pm,15,landed,14/06/2026
43,QF739,Sydney,4:17pm,22,landed,14/06/2026
44,VA1448,Gold Coast,4:35pm,14,landed,14/06/2026
45,JQ764,Sydney,4:35pm,26,landed,14/06/2026
46,QF1807,Brisbane,4:45pm,21,landed,14/06/2026
47,VA233,Melbourne,5:05pm,12,landed,14/06/2026
48,JQ778,Melbourne,6:55pm,25,landed,14/06/2026
49,ZL4135,Ceduna,5:30pm,Bus,landed,14/06/2026
50,VA718,Perth,5:30pm,13,landed,14/06/2026
51,QF691,Melbourne,5:50pm,22,landed,14/06/2026
52,QF886,Perth,5:56pm,21,landed,14/06/2026
53,VA1398,Brisbane,6:00pm,16,landed,14/06/2026
54,VA237,Melbourne,6:10pm,15,landed,14/06/2026
55,ZL4389,Port Lincoln,6:10pm,Bus,landed,14/06/2026
56,QF2576,Whyalla,5:45pm,,landed,14/06/2026
57,ZL4632,Mount Gambier,6:20pm,Bus,landed,14/06/2026
58,QF2563,Kingscote,6:15pm,,landed,14/06/2026
59,QF741,Sydney,6:22pm,23,landed,14/06/2026
60,VA428,Sydney,6:30pm,14,landed,14/06/2026
61,QF693,Melbourne,6:50pm,20,landed,14/06/2026
62,QQ3241,Olympic Dam,7:00pm,24,landed,14/06/2026
63,QF743,Sydney,7:01pm,21,landed,14/06/2026
64,VA241,Melbourne,7:05pm,13,landed,14/06/2026
65,QF1285,Brisbane,7:26pm,26,landed,14/06/2026
66,VA434,Sydney,8:05pm,16,landed,14/06/2026
67,QF1905,Darwin,7:08pm,22,landed,14/06/2026
68,JQ621,Avalon,7:50pm,15,landed,14/06/2026
69,QF697,Melbourne,7:53pm,23,landed,14/06/2026
70,ZL4397,Port Lincoln,8:20pm,Bus,landed,14/06/2026
71,JQ497,Gold Coast,8:25pm,26,landed,14/06/2026
72,QF1799,Canberra,8:22pm,20,landed,14/06/2026
73,VA442,Sydney,9:05pm,14,landed,14/06/2026
74,VA247,Melbourne,8:55pm,13,landed,14/06/2026
75,VA579,Canberra,9:20pm,12,landed,14/06/2026
76,QF888,Perth,9:16pm,22,landed,14/06/2026
77,JQ782,Melbourne,9:44pm,25,landed,14/06/2026
78,JQ768,Sydney,10:07pm,26,landed,14/06/2026
79,VA1404,Brisbane,10:10pm,14,landed,14/06/2026
80,VA722,Perth,9:55pm,16,landed,14/06/2026
81,JQ689,Darwin,10:30pm,18,landed,14/06/2026
82,QF749,Sydney,10:25pm,19,landed,14/06/2026
0,VA203,Melbourne,7:00am,13,landed,15/06/2026
1,QF671,Melbourne,6:57am,24,landed,15/06/2026
2,QF2580,Port Lincoln,7:00am,,landed,15/06/2026
3,ZL4351,Port Lincoln,8:10am,Bus,landed,15/06/2026
4,JQ776,Melbourne,8:10am,25,landed,15/06/2026
5,QF731,Sydney,7:55am,23,landed,15/06/2026
6,ZL4612,Mount Gambier,8:05am,Bus,landed,15/06/2026
7,VA211,Melbourne,8:05am,12,landed,15/06/2026
8,VA1384,Brisbane,8:30am,16,landed,15/06/2026
9,QF1801,Brisbane,8:45am,22,landed,15/06/2026
10,VA404,Sydney,8:50am,15,landed,15/06/2026
11,QF2572,Whyalla,8:42am,,landed,15/06/2026
12,QQ3101,Olympic Dam,9:00am,14,landed,15/06/2026
13,QF2551,Canberra,9:09am,,landed,15/06/2026
14,JQ800,Brisbane,10:10am,25,landed,15/06/2026
15,QF675,Melbourne,9:25am,24,landed,15/06/2026
16,NC233,Prominent Hill,9:35am,,landed,15/06/2026
17,QF1993,Sydney,9:44am,21,landed,15/06/2026
18,ZL4819,Broken Hill,11:00am,Bus,landed,15/06/2026
19,QF1907,Darwin,9:34am,16,landed,15/06/2026
20,QF882,Perth,9:47am,22,landed,15/06/2026
21,QF2582,Port Lincoln,9:52am,,landed,15/06/2026
22,VA217,Melbourne,10:05am,13,landed,15/06/2026
23,JQ857,Perth,10:05am,15,landed,15/06/2026
24,QF1791,Melbourne,10:15am,23,landed,15/06/2026
25,ZL4357,Port Lincoln,10:40am,Bus,landed,15/06/2026
26,ZL4125,Ceduna,2:25pm,Bus,landed,15/06/2026
27,QF1795,Canberra,10:15am,24,landed,15/06/2026
28,JQ774,Melbourne,10:30am,26,landed,15/06/2026
29,VA412,Sydney,10:55am,12,landed,15/06/2026
30,QQ3109,Olympic Dam,12:27pm,,landed,15/06/2026
31,QF733,Sydney,11:19am,22,landed,15/06/2026
32,VA219,Melbourne,11:20am,16,landed,15/06/2026
33,VA1388,Brisbane,10:50am,14,landed,15/06/2026
34,JQ762,Sydney,11:13am,25,landed,15/06/2026
35,QF1803,Brisbane,11:19am,21,landed,15/06/2026
36,QF679,Melbourne,11:38am,20,landed,15/06/2026
37,QF2561,Kingscote,11:20am,,landed,15/06/2026
38,ZL4618,Mount Gambier,11:25am,Bus,landed,15/06/2026
39,JQ772,Melbourne,11:19am,26,landed,15/06/2026
40,VA712,Perth,11:25am,15,landed,15/06/2026
41,VA414,Sydney,11:50am,13,landed,15/06/2026
42,QF735,Sydney,11:51am,24,landed,15/06/2026
43,QF1805,Brisbane,12:33pm,22,landed,15/06/2026
44,QF1817,Alice Springs,12:25pm,23,landed,15/06/2026
45,JQ963,Cairns,12:56pm,26,landed,15/06/2026
46,QF1909,Newcastle,1:11pm,19,landed,15/06/2026
47,JQ499,Gold Coast,1:35pm,25,landed,15/06/2026
48,QF884,Perth,1:15pm,24,landed,15/06/2026
49,QQ8627,Moomba,1:30pm,,landed,15/06/2026
50,QF683,Melbourne,1:33pm,23,landed,15/06/2026
51,ZL4367,Port Lincoln,1:55pm,Bus,landed,15/06/2026
52,VA227,Melbourne,1:55pm,16,landed,15/06/2026
53,VA418,Sydney,1:45pm,15,landed,15/06/2026
54,JQ859,Perth,2:10pm,26,landed,15/06/2026
55,ZL4487,Coober Pedy,4:35pm,Bus,landed,15/06/2026
56,ZL4377,Port Lincoln,4:55pm,Bus,cancelled,15/06/2026
57,QF2586,Port Lincoln,3:25pm,,landed,15/06/2026
58,QF1797,Canberra,3:13pm,23,landed,15/06/2026
59,QF687,Melbourne,3:35pm,22,landed,15/06/2026
60,VA231,Melbourne,3:45pm,15,landed,15/06/2026
61,JQ680,Hobart,3:45pm,19,landed,15/06/2026
62,QF739,Sydney,4:15pm,24,landed,15/06/2026
63,VA1746,Alice Springs,4:45pm,16,landed,15/06/2026
64,VA1448,Gold Coast,4:50pm,13,landed,15/06/2026
65,JQ764,Sydney,4:26pm,26,landed,15/06/2026
66,QF1283,Brisbane,4:50pm,21,landed,15/06/2026
67,VA233,Melbourne,5:25pm,14,landed,15/06/2026
68,JQ778,Melbourne,5:33pm,25,landed,15/06/2026
69,VA718,Perth,5:45pm,15,landed,15/06/2026
70,QF691,Melbourne,5:47pm,23,landed,15/06/2026
71,QQ3137,Olympic Dam,5:40pm,26,landed,15/06/2026
72,QF886,Perth,5:52pm,24,landed,15/06/2026
73,NC783,Carrapateena,6:05pm,,landed,15/06/2026
74,VA1398,Brisbane,6:05pm,13,landed,15/06/2026
75,ZL4389,Port Lincoln,6:15pm,Bus,landed,15/06/2026
76,VA237,Melbourne,6:40pm,12,landed,15/06/2026
77,QF2576,Whyalla,5:57pm,,landed,15/06/2026
78,ZL4632,Mount Gambier,6:20pm,Bus,landed,15/06/2026
79,QF2563,Kingscote,6:09pm,,landed,15/06/2026
80,QF2588,Port Lincoln,6:19pm,,landed,15/06/2026
81,NC217,Port Augusta,6:55pm,,landed,15/06/2026
82,QF1857,Alice Springs,7:01pm,25,landed,15/06/2026
83,QF693,Melbourne,7:03pm,21,landed,15/06/2026
84,QF743,Sydney,7:08pm,23,landed,15/06/2026
85,QF1809,Brisbane,7:14pm,20,landed,15/06/2026
86,VA434,Sydney,8:00pm,13,landed,15/06/2026
87,QF1905,Darwin,7:20pm,16,landed,15/06/2026
88,JQ621,Avalon,7:50pm,22,landed,15/06/2026
89,QF1799,Canberra,8:23pm,25,landed,15/06/2026
90,QQ3149,Olympic Dam,9:00pm,,landed,15/06/2026
91,JQ804,Brisbane,9:10pm,26,landed,15/06/2026
92,VA442,Sydney,9:40pm,14,landed,15/06/2026
93,VA247,Melbourne,9:10pm,15,landed,15/06/2026
94,QF1811,Brisbane,9:16pm,19,landed,15/06/2026
95,ZL9951,Port Lincoln,9:20pm,Bus,unknown,15/06/2026
96,VA579,Canberra,9:10pm,12,landed,15/06/2026
97,QF888,Perth,9:25pm,20,landed,15/06/2026
98,QQ3151,Olympic Dam,9:45pm,,landed,15/06/2026
99,JQ782,Melbourne,10:05pm,25,landed,15/06/2026
100,JQ768,Sydney,9:45pm,24,landed,15/06/2026
101,VA1404,Brisbane,10:05pm,13,landed,15/06/2026
102,JQ689,Darwin,1:40am,17,cancelled,15/06/2026
103,QF749,Sydney,10:29pm,19,landed,15/06/2026
0,QF671,Melbourne,7:03am,21,landed,16/06/2026
1,QF2580,Port Lincoln,7:07am,,landed,16/06/2026
2,ZL4351,Port Lincoln,7:50am,,cancelled,16/06/2026
3,JQ776,Melbourne,7:56am,25,landed,16/06/2026
4,QF731,Sydney,7:58am,22,landed,16/06/2026
5,VA211,Melbourne,8:05am,,cancelled,16/06/2026
6,ZL4612,Mount Gambier,8:05am,Bus,landed,16/06/2026
7,JQ760,Sydney,8:00am,24,landed,16/06/2026
8,VA1384,Brisbane,8:25am,12,landed,16/06/2026
9,VA404,Sydney,8:50am,14,landed,16/06/2026
10,QF2572,Whyalla,9:47am,,landed,16/06/2026
11,JQ800,Brisbane,9:14am,26,landed,16/06/2026
12,QF2551,Canberra,9:24am,,landed,16/06/2026
13,QQ3103,Olympic Dam,9:30am,23,landed,16/06/2026
14,QF1993,Sydney,9:45am,22,landed,16/06/2026
15,NC233,Prominent Hill,9:53am,,landed,16/06/2026
16,QF1907,Darwin,9:38am,19,landed,16/06/2026
17,QF2582,Port Lincoln,9:55am,50,landed,16/06/2026
18,VA217,Melbourne,10:35am,14,landed,16/06/2026
19,QF1791,Melbourne,10:41am,21,landed,16/06/2026
20,ZL4357,Port Lincoln,2:00pm,Bus,landed,16/06/2026
21,ZL4125,Ceduna,10:55am,Bus,landed,16/06/2026
22,JQ774,Melbourne,11:10am,25,landed,16/06/2026
23,NC241,Port Augusta,10:40am,,landed,16/06/2026
24,QQ3109,Olympic Dam,11:00am,24,landed,16/06/2026
25,NC783,Port Augusta,10:45am,,landed,16/06/2026
26,VA412,Sydney,10:45am,13,landed,16/06/2026
27,QF733,Sydney,10:55am,22,landed,16/06/2026
28,VA219,Melbourne,11:25am,15,landed,16/06/2026
29,VA1388,Brisbane,11:05am,12,landed,16/06/2026
30,JQ762,Sydney,10:50am,26,landed,16/06/2026
31,QF679,Melbourne,11:14am,23,landed,16/06/2026
32,QF1803,Brisbane,11:22am,19,landed,16/06/2026
33,ZL4618,Mount Gambier,11:25am,Bus,landed,16/06/2026
34,QF2561,Kingscote,12:13pm,50,landed,16/06/2026
35,VA712,Perth,11:35am,14,landed,16/06/2026
36,ZL9381,Ceduna,11:35am,Bus,landed,16/06/2026
37,VA414,Sydney,11:40am,16,landed,16/06/2026
38,QF735,Sydney,11:47am,20,landed,16/06/2026
39,QF1805,Brisbane,12:30pm,22,landed,16/06/2026
40,QF1817,Alice Springs,12:40pm,23,landed,16/06/2026
41,JQ963,Cairns,1:10pm,24,landed,16/06/2026
42,QF1909,Newcastle,1:10pm,20,landed,16/06/2026
43,JQ499,Gold Coast,1:25pm,26,landed,16/06/2026
44,QF884,Perth,1:19pm,21,landed,16/06/2026
45,QF683,Melbourne,1:37pm,23,landed,16/06/2026
46,ZL4367,Port Lincoln,2:00pm,Bus,cancelled,16/06/2026
47,QF737,Sydney,1:39pm,22,landed,16/06/2026
48,QQ3119,Olympic Dam,1:45pm,19,landed,16/06/2026
49,VA227,Melbourne,2:05pm,13,landed,16/06/2026
50,ZL4823,Broken Hill,3:10pm,Bus,landed,16/06/2026
51,VA418,Sydney,1:55pm,15,landed,16/06/2026
52,QQ8629,Moomba,3:25pm,,landed,16/06/2026
53,JQ7689,Darwin,2:49pm,21,landed,16/06/2026
54,ZL4377,Port Lincoln,4:30pm,Bus,landed,16/06/2026
55,QF687,Melbourne,3:39pm,22,landed,16/06/2026
56,QF2549,Canberra,3:42pm,,landed,16/06/2026
57,VA231,Melbourne,3:50pm,14,landed,16/06/2026
58,QF739,Sydney,4:12pm,23,landed,16/06/2026
59,VA1448,Gold Coast,5:10pm,15,landed,16/06/2026
60,JQ111,Denpasar,4:25pm,18,landed,16/06/2026
61,QF1283,Brisbane,5:25pm,22,landed,16/06/2026
62,JQ778,Melbourne,5:10pm,25,landed,16/06/2026
63,VA718,Perth,5:45pm,12,landed,16/06/2026
64,QF691,Melbourne,5:38pm,20,landed,16/06/2026
65,JQ807,Maroochydore,6:36pm,26,landed,16/06/2026
66,NC785,Port Augusta,5:55pm,,landed,16/06/2026
67,QQ3137,Olympic Dam,5:51pm,19,landed,16/06/2026
68,QF886,Perth,5:57pm,23,landed,16/06/2026
69,VA237,Melbourne,6:05pm,13,landed,16/06/2026
70,ZL4389,Port Lincoln,7:10pm,Bus,landed,16/06/2026
71,QF2576,Whyalla,5:51pm,50,landed,16/06/2026
72,ZL4632,Mount Gambier,6:20pm,Bus,landed,16/06/2026
73,QF2588,Port Lincoln,6:22pm,,landed,16/06/2026
74,QQ3141,Olympic Dam,6:19pm,18,landed,16/06/2026
75,ZL9383,Ceduna,6:40pm,Bus,landed,16/06/2026
76,QF693,Melbourne,6:54pm,22,landed,16/06/2026
77,QF743,Sydney,7:03pm,16,landed,16/06/2026
78,VA434,Sydney,7:17pm,15,landed,16/06/2026
79,QF1809,Brisbane,7:23pm,20,landed,16/06/2026
80,QF1905,Darwin,7:09pm,21,landed,16/06/2026
81,QF1799,Canberra,8:27pm,23,landed,16/06/2026
82,VA442,Sydney,9:00pm,12,landed,16/06/2026
83,VA247,Melbourne,9:00pm,14,landed,16/06/2026
84,QF1811,Brisbane,9:05pm,21,landed,16/06/2026
85,QF888,Perth,9:17pm,20,landed,16/06/2026
86,QQ3151,Olympic Dam,9:37pm,,landed,16/06/2026
87,JQ782,Melbourne,12:05am,25,unknown,16/06/2026
88,JQ768,Sydney,10:16pm,18,landed,16/06/2026
89,VA1404,Brisbane,10:45pm,14,unknown,16/06/2026
90,QF749,Sydney,10:20pm,23,landed,16/06/2026
0,QF671,Melbourne,6:57am,22,landed,17/06/2026
1,QF2580,Port Lincoln,7:03am,,landed,17/06/2026
2,ZL4351,Port Lincoln,7:36am,Bus,landed,17/06/2026
3,JQ776,Melbourne,8:10am,25,landed,17/06/2026
4,VA211,Melbourne,7:55am,12,landed,17/06/2026
5,QF731,Sydney,7:57am,21,landed,17/06/2026
6,ZL4612,Mount Gambier,8:15am,Bus,landed,17/06/2026
7,JQ760,Sydney,8:13am,26,landed,17/06/2026
8,VA1384,Brisbane,8:10am,14,landed,17/06/2026
9,QF1801,Brisbane,8:34am,24,landed,17/06/2026
10,VA404,Sydney,8:40am,13,landed,17/06/2026
11,QF2572,Whyalla,8:44am,,landed,17/06/2026
12,NC783,Carrapateena,9:00am,,landed,17/06/2026
13,NC233,Prominent Hill,6:05pm,17,cancelled,17/06/2026
14,QF2551,Canberra,9:14am,,landed,17/06/2026
15,JQ800,Brisbane,8:50am,19,landed,17/06/2026
16,QF675,Melbourne,9:26am,23,landed,17/06/2026
17,NC231,Prominent Hill,9:35am,,landed,17/06/2026
18,QF1993,Sydney,9:45am,22,landed,17/06/2026
19,ZL4819,Broken Hill,9:50am,Bus,landed,17/06/2026
20,QQ3105,Olympic Dam,9:55am,12,landed,17/06/2026
21,QF1907,Darwin,9:31am,21,landed,17/06/2026
22,QF2582,Port Lincoln,9:50am,50,landed,17/06/2026
23,VA217,Melbourne,10:05am,17,cancelled,17/06/2026
24,QQ3115,Olympic Dam,10:15am,,landed,17/06/2026
25,JQ857,Perth,10:15am,25,landed,17/06/2026
26,ZL4357,Port Lincoln,10:20am,Bus,landed,17/06/2026
27,QF1791,Melbourne,10:30am,24,landed,17/06/2026
28,JQ774,Melbourne,10:43am,26,landed,17/06/2026
29,NC780,Port Augusta,12:40pm,,landed,17/06/2026
30,VA412,Sydney,11:00am,13,landed,17/06/2026
31,VA219,Melbourne,11:20am,14,landed,17/06/2026
32,QF733,Sydney,11:26am,22,landed,17/06/2026
33,VA1388,Brisbane,10:55am,15,landed,17/06/2026
34,QF1803,Brisbane,11:09am,20,landed,17/06/2026
35,JQ762,Sydney,11:10am,19,landed,17/06/2026
36,QF679,Melbourne,11:21am,23,landed,17/06/2026
37,QF2561,Kingscote,11:18am,,landed,17/06/2026
38,ZL4618,Mount Gambier,11:25am,Bus,landed,17/06/2026
39,VA712,Perth,11:35am,16,landed,17/06/2026
40,ZL9381,Ceduna,11:15am,Bus,landed,17/06/2026
41,VA414,Sydney,11:50am,13,landed,17/06/2026
42,QF735,Sydney,11:45am,21,landed,17/06/2026
43,QQ8623,Moomba,12:05pm,,landed,17/06/2026
44,QF1805,Brisbane,12:40pm,22,landed,17/06/2026
45,QF1817,Alice Springs,12:46pm,24,landed,17/06/2026
46,JQ963,Cairns,1:00pm,26,landed,17/06/2026
47,QF1909,Newcastle,1:19pm,21,landed,17/06/2026
48,JQ499,Gold Coast,1:29pm,25,landed,17/06/2026
49,QF884,Perth,1:25pm,20,landed,17/06/2026
50,QF683,Melbourne,1:30pm,23,landed,17/06/2026
51,ZL4367,Port Lincoln,1:35pm,Bus,landed,17/06/2026
52,QF737,Sydney,1:34pm,22,landed,17/06/2026
53,VA227,Melbourne,2:10pm,15,landed,17/06/2026
54,VA418,Sydney,1:55pm,14,landed,17/06/2026
55,ZL4487,Coober Pedy,5:40pm,Bus,landed,17/06/2026
56,ZL4377,Port Lincoln,3:10pm,Bus,landed,17/06/2026
57,QF2586,Port Lincoln,3:21pm,,landed,17/06/2026
58,QF2549,Canberra,3:43pm,50,landed,17/06/2026
59,QF687,Melbourne,3:48pm,23,landed,17/06/2026
60,VA231,Melbourne,4:00pm,12,landed,17/06/2026
61,JQ680,Hobart,4:40pm,25,landed,17/06/2026
62,QF739,Sydney,4:17pm,22,landed,17/06/2026
63,VA1448,Gold Coast,4:20pm,16,landed,17/06/2026
64,VA1746,Alice Springs,5:05pm,13,landed,17/06/2026
65,QF1283,Brisbane,5:02pm,24,landed,17/06/2026
66,JQ778,Melbourne,5:10pm,26,landed,17/06/2026
67,QQ3161,Olympic Dam,5:20pm,21,landed,17/06/2026
68,ZL4135,Ceduna,5:50pm,Bus,landed,17/06/2026
69,VA718,Perth,5:45pm,15,landed,17/06/2026
70,QF691,Melbourne,5:42pm,23,landed,17/06/2026
71,NC785,Port Augusta,5:30pm,,landed,17/06/2026
72,QF886,Perth,5:49pm,20,landed,17/06/2026
73,QQ3137,Olympic Dam,5:53pm,19,landed,17/06/2026
74,ZL4389,Port Lincoln,6:10pm,Bus,landed,17/06/2026
75,VA237,Melbourne,6:11pm,13,landed,17/06/2026
76,QF2576,Whyalla,6:20pm,,landed,17/06/2026
77,ZL4632,Mount Gambier,6:40pm,Bus,landed,17/06/2026
78,QF2588,Port Lincoln,6:13pm,,landed,17/06/2026
79,QF741,Sydney,6:24pm,21,landed,17/06/2026
80,QF693,Melbourne,7:10pm,22,landed,17/06/2026
81,QF743,Sydney,6:54pm,24,landed,17/06/2026
82,VA434,Sydney,7:20pm,16,landed,17/06/2026
83,QF1809,Brisbane,7:26pm,25,landed,17/06/2026
84,QF1905,Darwin,7:27pm,23,landed,17/06/2026
85,QQ3231,Olympic Dam,7:30pm,17,cancelled,17/06/2026
86,JQ621,Avalon,9:45pm,26,landed,17/06/2026
87,QF697,Melbourne,8:08pm,20,landed,17/06/2026
88,NC239,Prominent Hill,8:45pm,,landed,17/06/2026
89,ZL4847,Broken Hill,9:33pm,Bus,landed,17/06/2026
90,ZL4397,Port Lincoln,9:05pm,Bus,landed,17/06/2026
91,QF1799,Canberra,8:36pm,22,landed,17/06/2026
92,VA442,Sydney,8:50pm,15,landed,17/06/2026
93,QQ3149,Olympic Dam,9:00pm,21,landed,17/06/2026
94,VA247,Melbourne,9:10pm,12,landed,17/06/2026
95,QF1811,Brisbane,9:22pm,23,landed,17/06/2026
96,QF888,Perth,9:17pm,19,landed,17/06/2026
97,JQ782,Melbourne,9:40pm,16,landed,17/06/2026
98,JQ768,Sydney,9:49pm,25,landed,17/06/2026
99,QQ3153,Olympic Dam,10:00pm,,landed,17/06/2026
100,VA1404,Brisbane,9:45pm,14,landed,17/06/2026
101,JQ689,Darwin,10:30pm,18,landed,17/06/2026
102,QF749,Sydney,10:23pm,21,landed,17/06/2026
0,QF671,Melbourne,6:59am,25,landed,18/06/2026
1,QF2580,Port Lincoln,7:02am,,landed,18/06/2026
2,ZL4351,Port Lincoln,7:50am,Bus,landed,18/06/2026
3,JQ776,Melbourne,7:50am,26,landed,18/06/2026
4,QF731,Sydney,7:55am,24,landed,18/06/2026
5,VA211,Melbourne,8:00am,13,landed,18/06/2026
6,ZL4612,Mount Gambier,8:05am,Bus,landed,18/06/2026
7,JQ760,Sydney,8:05am,25,landed,18/06/2026
8,QF1801,Brisbane,8:43am,23,landed,18/06/2026
9,VA404,Sydney,8:55am,17,cancelled,18/06/2026
10,QF2572,Whyalla,8:46am,,landed,18/06/2026
11,NC787,Carrapateena,9:00am,,landed,18/06/2026
12,JQ800,Brisbane,9:11am,12,landed,18/06/2026
13,QF2551,Canberra,9:17am,,landed,18/06/2026
14,QF675,Melbourne,9:48am,25,landed,18/06/2026
15,QQ3103,Olympic Dam,9:30am,,landed,18/06/2026
16,NC233,Prominent Hill,9:35am,,landed,18/06/2026
17,QF1993,Sydney,9:57am,23,landed,18/06/2026
18,QF1907,Darwin,9:27am,24,landed,18/06/2026
19,QF882,Perth,9:53am,20,landed,18/06/2026
20,QQ3105,Olympic Dam,10:00am,,landed,18/06/2026
21,QF2582,Port Lincoln,9:57am,50,landed,18/06/2026
22,VA217,Melbourne,11:45am,12,landed,18/06/2026
23,QF1791,Melbourne,10:20am,,cancelled,18/06/2026
24,ZL4357,Port Lincoln,10:20am,Bus,landed,18/06/2026
25,ZL4125,Ceduna,10:25am,Bus,landed,18/06/2026
26,QF1795,Canberra,10:40am,21,landed,18/06/2026
27,JQ774,Melbourne,10:55am,25,landed,18/06/2026
28,VA412,Sydney,10:55am,12,landed,18/06/2026
29,NC243,Port Augusta,10:55am,,landed,18/06/2026
30,VA219,Melbourne,11:15am,15,landed,18/06/2026
31,QF733,Sydney,11:31am,22,landed,18/06/2026
32,VA1388,Brisbane,10:50am,13,landed,18/06/2026
33,JQ762,Sydney,11:20am,20,landed,18/06/2026
34,QF1803,Brisbane,11:23am,24,landed,18/06/2026
35,QF679,Melbourne,11:35am,23,landed,18/06/2026
36,QF2561,Kingscote,11:01am,,landed,18/06/2026
37,ZL4618,Mount Gambier,11:25am,Bus,landed,18/06/2026
38,VA712,Perth,11:30am,16,landed,18/06/2026
39,JQ772,Melbourne,11:39am,26,landed,18/06/2026
40,VA414,Sydney,11:36am,13,landed,18/06/2026
41,QF735,Sydney,12:15pm,25,landed,18/06/2026
42,QF1805,Brisbane,12:30pm,21,landed,18/06/2026
43,QF1817,Alice Springs,12:45pm,22,landed,18/06/2026
44,JQ963,Cairns,1:00pm,26,landed,18/06/2026
45,NC783,Carrapateena,1:00pm,,landed,18/06/2026
46,JQ499,Gold Coast,1:22pm,25,landed,18/06/2026
47,QF1909,Newcastle,1:25pm,20,landed,18/06/2026
48,QF884,Perth,1:09pm,24,landed,18/06/2026
49,QF683,Melbourne,1:50pm,22,landed,18/06/2026
50,ZL4367,Port Lincoln,2:15pm,Bus,landed,18/06/2026
51,QF737,Sydney,1:50pm,21,landed,18/06/2026
52,QQ3119,Olympic Dam,1:45pm,23,landed,18/06/2026
53,VA227,Melbourne,1:50pm,13,landed,18/06/2026
54,ZL4823,Broken Hill,2:30pm,Bus,landed,18/06/2026
55,VA418,Sydney,1:55pm,14,landed,18/06/2026
56,JQ859,Perth,2:30pm,26,landed,18/06/2026
57,QQ8629,Moomba,2:30pm,,landed,18/06/2026
58,ZL4377,Port Lincoln,3:25pm,Bus,landed,18/06/2026
59,QF2586,Port Lincoln,3:35pm,,landed,18/06/2026
60,QF1797,Canberra,3:35pm,,cancelled,18/06/2026
61,QF687,Melbourne,3:42pm,22,landed,18/06/2026
62,VA231,Melbourne,4:25pm,13,landed,18/06/2026
63,QF739,Sydney,4:27pm,24,landed,18/06/2026
64,QF1911,Darwin,4:32pm,21,landed,18/06/2026
65,VA1448,Gold Coast,6:50pm,14,landed,18/06/2026
66,JQ111,Denpasar,4:34pm,19,landed,18/06/2026
67,QF1283,Brisbane,5:31pm,23,landed,18/06/2026
68,VA233,Melbourne,5:55pm,14,landed,18/06/2026
69,JQ778,Melbourne,5:10pm,25,landed,18/06/2026
70,QF886,Perth,5:35pm,24,landed,18/06/2026
71,ZL4135,Ceduna,6:40pm,Bus,landed,18/06/2026
72,VA718,Perth,5:40pm,12,landed,18/06/2026
73,QF691,Melbourne,5:54pm,22,landed,18/06/2026
74,NC239,Prominent Hill,5:50pm,,landed,18/06/2026
75,JQ807,Maroochydore,5:57pm,26,landed,18/06/2026
76,NC785,Carrapateena,6:05pm,,landed,18/06/2026
77,VA1398,Brisbane,6:10pm,17,cancelled,18/06/2026
78,VA237,Melbourne,6:10pm,15,unknown,18/06/2026
79,ZL4389,Port Lincoln,6:10pm,Bus,landed,18/06/2026
80,QF2576,Whyalla,5:57pm,,landed,18/06/2026
81,ZL4632,Mount Gambier,6:20pm,Bus,landed,18/06/2026
82,QF741,Sydney,6:30pm,21,landed,18/06/2026
83,QQ3141,Olympic Dam,6:27pm,20,landed,18/06/2026
84,NC245,Port Augusta,6:45pm,50,landed,18/06/2026
85,QF1857,Alice Springs,6:55pm,23,landed,18/06/2026
86,QF693,Melbourne,7:04pm,22,landed,18/06/2026
87,VA1504,Cairns,7:05pm,13,unknown,18/06/2026
88,QF743,Sydney,7:14pm,25,landed,18/06/2026
89,QQ3143,Olympic Dam,6:55pm,,landed,18/06/2026
90,VA434,Sydney,7:50pm,15,landed,18/06/2026
91,QF1809,Brisbane,9:03pm,25,landed,18/06/2026
92,QF1905,Darwin,7:22pm,24,landed,18/06/2026
93,QF697,Melbourne,8:13pm,22,landed,18/06/2026
94,ZL4847,Broken Hill,8:15pm,Bus,landed,18/06/2026
95,QF745,Sydney,8:23pm,19,landed,18/06/2026
96,ZL4397,Port Lincoln,9:30pm,Bus,landed,18/06/2026
97,QF1799,Canberra,8:40pm,26,landed,18/06/2026
98,VA442,Sydney,9:05pm,13,landed,18/06/2026
99,JQ621,Avalon,9:15pm,16,landed,18/06/2026
100,VA247,Melbourne,9:35pm,15,landed,18/06/2026
101,QF1811,Brisbane,9:20pm,21,landed,18/06/2026
102,VA579,Canberra,9:30pm,12,landed,18/06/2026
103,QF888,Perth,9:38pm,20,landed,18/06/2026
104,JQ782,Melbourne,10:15pm,26,landed,18/06/2026
105,JQ768,Sydney,10:20pm,25,landed,18/06/2026
106,VA1404,Brisbane,10:10pm,14,landed,18/06/2026
107,VA722,Perth,10:00pm,13,landed,18/06/2026
108,QF749,Sydney,10:37pm,21,landed,18/06/2026
0,VA203,Melbourne,7:00am,12,landed,19/06/2026
1,QF671,Melbourne,7:02am,20,landed,19/06/2026
2,QF2580,Port Lincoln,7:10am,,landed,19/06/2026
3,ZL4351,Port Lincoln,7:50am,Bus,landed,19/06/2026
4,JQ776,Melbourne,7:50am,25,landed,19/06/2026
5,ZL4612,Mount Gambier,8:05am,Bus,landed,19/06/2026
6,QF731,Sydney,8:12am,22,landed,19/06/2026
7,VA211,Melbourne,8:15am,13,landed,19/06/2026
8,JQ760,Sydney,8:05am,26,landed,19/06/2026
9,VA1384,Brisbane,8:34am,14,landed,19/06/2026
10,QF1801,Brisbane,9:45am,23,landed,19/06/2026
11,VA404,Sydney,8:50am,12,landed,19/06/2026
12,QF2572,Whyalla,8:50am,,landed,19/06/2026
13,NC245,Prominent Hill,9:05am,,landed,19/06/2026
14,QF2551,Canberra,9:15am,50,landed,19/06/2026
15,JQ800,Brisbane,9:25am,26,landed,19/06/2026
16,QF675,Melbourne,9:36am,22,landed,19/06/2026
17,QF1993,Sydney,9:54am,21,landed,19/06/2026
18,ZL4819,Broken Hill,9:50am,Bus,landed,19/06/2026
19,QF1907,Darwin,9:50am,24,landed,19/06/2026
20,QF882,Perth,10:00am,20,landed,19/06/2026
21,QF2582,Port Lincoln,10:00am,,landed,19/06/2026
22,VA217,Melbourne,10:10am,14,landed,19/06/2026
23,QQ3111,Olympic Dam,10:15am,16,landed,19/06/2026
24,JQ857,Perth,10:10am,26,landed,19/06/2026
25,ZL4357,Port Lincoln,10:20am,Bus,landed,19/06/2026
26,QF1791,Melbourne,10:49am,22,landed,19/06/2026
27,QF1795,Canberra,10:21am,18,landed,19/06/2026
28,NC233,Prominent Hill,10:30am,,landed,19/06/2026
29,JQ774,Melbourne,10:40am,25,landed,19/06/2026
30,NC783,Port Augusta,10:45am,,landed,19/06/2026
31,VA412,Sydney,10:55am,15,landed,19/06/2026
32,QF733,Sydney,11:15am,23,landed,19/06/2026
33,VA219,Melbourne,11:20am,12,landed,19/06/2026
34,VA1388,Brisbane,11:00am,13,landed,19/06/2026
35,JQ762,Sydney,11:11am,24,landed,19/06/2026
36,QF1803,Brisbane,11:12am,20,landed,19/06/2026
37,QF679,Melbourne,11:40am,21,landed,19/06/2026
38,QF2561,Kingscote,11:10am,,landed,19/06/2026
39,ZL4618,Mount Gambier,12:20pm,Bus,landed,19/06/2026
40,JQ772,Melbourne,11:20am,26,landed,19/06/2026
41,VA712,Perth,11:25am,14,landed,19/06/2026
42,QQ8623,Moomba,11:30am,,landed,19/06/2026
43,ZL9381,Ceduna,11:35am,Bus,landed,19/06/2026
44,VA414,Sydney,11:45am,15,landed,19/06/2026
45,QF735,Sydney,11:49am,25,landed,19/06/2026
46,QF1805,Brisbane,12:30pm,19,landed,19/06/2026
47,QF1817,Alice Springs,12:45pm,22,landed,19/06/2026
48,JQ963,Cairns,1:05pm,21,landed,19/06/2026
49,QF1909,Newcastle,1:15pm,20,landed,19/06/2026
50,JQ499,Gold Coast,1:21pm,25,landed,19/06/2026
51,QF884,Perth,1:38pm,23,landed,19/06/2026
52,ZL4367,Port Lincoln,1:35pm,Bus,landed,19/06/2026
53,QF683,Melbourne,1:41pm,18,landed,19/06/2026
54,QF737,Sydney,1:34pm,22,landed,19/06/2026
55,VA227,Melbourne,1:47pm,13,landed,19/06/2026
56,VA418,Sydney,1:52pm,14,landed,19/06/2026
57,JQ770,Sydney,2:35pm,26,landed,19/06/2026
58,ZL4487,Coober Pedy,2:50pm,Bus,landed,19/06/2026
59,ZL4377,Port Lincoln,3:10pm,Bus,landed,19/06/2026
60,QF2586,Port Lincoln,3:17pm,,landed,19/06/2026
61,QF1797,Canberra,3:41pm,24,landed,19/06/2026
62,VA231,Melbourne,4:00pm,13,landed,19/06/2026
63,QF687,Melbourne,4:03pm,22,landed,19/06/2026
64,JQ680,Hobart,3:45pm,26,landed,19/06/2026
65,QF739,Sydney,4:23pm,23,landed,19/06/2026
66,VA1448,Gold Coast,4:50pm,14,delayed,19/06/2026
67,VA1746,Alice Springs,5:00pm,20,landed,19/06/2026
68,JQ764,Sydney,4:35pm,25,landed,19/06/2026
69,QF1283,Brisbane,5:11pm,24,landed,19/06/2026
70,VA233,Melbourne,5:25pm,13,landed,19/06/2026
71,NC237,Port Augusta,9:00pm,50,landed,19/06/2026
72,JQ778,Melbourne,6:25pm,26,landed,19/06/2026
73,ZL4135,Ceduna,5:55pm,Bus,landed,19/06/2026
74,VA718,Perth,5:45pm,15,landed,19/06/2026
75,QF691,Melbourne,5:54pm,22,landed,19/06/2026
76,NC785,Port Augusta,5:10pm,,unknown,19/06/2026
77,QF886,Perth,6:29pm,25,landed,19/06/2026
78,VA1398,Brisbane,6:00pm,16,landed,19/06/2026
79,VA237,Melbourne,6:05pm,12,landed,19/06/2026
80,ZL4389,Port Lincoln,6:10pm,Bus,landed,19/06/2026
81,QQ3137,Olympic Dam,6:10pm,,landed,19/06/2026
82,QF2576,Whyalla,6:09pm,,landed,19/06/2026
83,ZL4632,Mount Gambier,6:45pm,Bus,landed,19/06/2026
84,QF2563,Kingscote,6:19pm,,landed,19/06/2026
85,VA428,Sydney,6:20pm,14,landed,19/06/2026
86,QF741,Sydney,6:41pm,21,landed,19/06/2026
87,ZL9383,Ceduna,6:10pm,Bus,landed,19/06/2026
88,QF693,Melbourne,6:59pm,20,landed,19/06/2026
89,QF743,Sydney,7:13pm,24,landed,19/06/2026
90,VA241,Melbourne,7:05pm,12,landed,19/06/2026
91,QF1809,Brisbane,7:20pm,26,landed,19/06/2026
92,VA434,Sydney,7:50pm,13,landed,19/06/2026
93,QF1905,Darwin,7:19pm,16,landed,19/06/2026
94,JQ621,Avalon,7:45pm,22,landed,19/06/2026
95,QF697,Melbourne,8:42pm,21,landed,19/06/2026
96,ZL4847,Broken Hill,8:00pm,Bus,landed,19/06/2026
97,QF745,Sydney,8:24pm,23,landed,19/06/2026
98,ZL4397,Port Lincoln,8:35pm,Bus,landed,19/06/2026
99,JQ497,Gold Coast,9:30pm,24,landed,19/06/2026
100,QF1799,Canberra,8:34pm,25,landed,19/06/2026
101,VA442,Sydney,9:35pm,14,landed,19/06/2026
102,VA247,Melbourne,9:30pm,12,landed,19/06/2026
103,QF1811,Brisbane,9:45pm,16,landed,19/06/2026
104,VA579,Canberra,10:05pm,15,landed,19/06/2026
105,QF888,Perth,9:29pm,26,landed,19/06/2026
106,JQ782,Melbourne,10:40pm,21,landed,19/06/2026
107,JQ768,Sydney,9:47pm,25,landed,19/06/2026
108,VA1404,Brisbane,10:05pm,13,landed,19/06/2026
109,VA722,Perth,10:20pm,14,landed,19/06/2026
110,JQ689,Darwin,10:12pm,18,landed,19/06/2026
111,QF749,Sydney,10:26pm,19,landed,19/06/2026
0,QF671,Melbourne,6:55am,20,landed,20/06/2026
1,QF2580,Port Lincoln,7:15am,50,landed,20/06/2026
2,JQ776,Melbourne,8:15am,26,landed,20/06/2026
3,VA211,Melbourne,7:55am,14,landed,20/06/2026
4,ZL4612,Mount Gambier,8:05am,50,landed,20/06/2026
5,JQ760,Sydney,8:00am,25,landed,20/06/2026
6,ZL4353,Port Lincoln,9:00am,Bus,landed,20/06/2026
7,JQ800,Brisbane,9:05am,26,landed,20/06/2026
8,QF675,Melbourne,9:25am,22,landed,20/06/2026
9,QF1993,Sydney,9:46am,24,landed,20/06/2026
10,QQ3205,Olympic Dam,9:40am,,landed,20/06/2026
11,QF1907,Darwin,9:55am,25,landed,20/06/2026
12,QF2582,Port Lincoln,10:04am,50,landed,20/06/2026
13,VA217,Melbourne,10:05am,14,landed,20/06/2026
14,QF1795,Canberra,10:12am,20,landed,20/06/2026
15,JQ774,Melbourne,10:24am,26,landed,20/06/2026
16,VA412,Sydney,11:00am,15,landed,20/06/2026
17,ZL4363,Port Lincoln,11:00am,Bus,landed,20/06/2026
18,VA219,Melbourne,11:00am,16,landed,20/06/2026
19,QF733,Sydney,11:18am,23,landed,20/06/2026
20,VA1388,Brisbane,11:00am,13,landed,20/06/2026
21,JQ762,Sydney,11:12am,19,landed,20/06/2026
22,QF679,Melbourne,11:28am,21,landed,20/06/2026
23,QF2561,Kingscote,11:19am,,landed,20/06/2026
24,JQ772,Melbourne,11:20am,25,landed,20/06/2026
25,VA712,Perth,11:30am,14,landed,20/06/2026
26,QF1281,Brisbane,12:25pm,23,landed,20/06/2026
27,QF1817,Alice Springs,12:37pm,20,landed,20/06/2026
28,JQ963,Cairns,12:45pm,26,landed,20/06/2026
29,JQ499,Gold Coast,1:40pm,13,landed,20/06/2026
30,JQ859,Perth,1:45pm,24,landed,20/06/2026
31,QF683,Melbourne,1:27pm,16,landed,20/06/2026
32,ZL4367,Port Lincoln,1:35pm,Bus,landed,20/06/2026
33,QF737,Sydney,1:35pm,22,landed,20/06/2026
34,VA227,Melbourne,1:35pm,15,landed,20/06/2026
35,VA418,Sydney,1:45pm,14,landed,20/06/2026
36,QF2586,Port Lincoln,3:17pm,,landed,20/06/2026
37,QF687,Melbourne,3:27pm,22,landed,20/06/2026
38,VA424,Sydney,4:15pm,14,landed,20/06/2026
39,QF739,Sydney,4:30pm,21,landed,20/06/2026
40,VA1448,Gold Coast,4:40pm,12,landed,20/06/2026
41,JQ111,Denpasar,4:35pm,16,landed,20/06/2026
42,QF1807,Brisbane,4:36pm,23,landed,20/06/2026
43,VA233,Melbourne,5:05pm,13,landed,20/06/2026
44,JQ778,Melbourne,5:13pm,25,landed,20/06/2026
45,VA718,Perth,5:30pm,15,landed,20/06/2026
46,JQ807,Maroochydore,5:40pm,26,landed,20/06/2026
47,VA1398,Brisbane,6:25pm,14,landed,20/06/2026
48,QF741,Sydney,6:08pm,24,landed,20/06/2026
49,QF693,Melbourne,6:49pm,21,landed,20/06/2026
50,VA1504,Cairns,7:00pm,15,landed,20/06/2026
51,QF1809,Brisbane,7:06pm,23,landed,20/06/2026
52,QF1905,Darwin,7:31pm,25,landed,20/06/2026
53,JQ804,Brisbane,8:35pm,26,landed,20/06/2026
54,QF888,Perth,9:13pm,23,landed,20/06/2026
55,JQ782,Melbourne,10:27pm,21,landed,20/06/2026
56,JQ768,Sydney,10:10pm,26,landed,20/06/2026
57,QF749,Sydney,10:21pm,20,landed,20/06/2026
0,VA203,Melbourne,7:00am,14,landed,22/06/2026
1,QF671,Melbourne,6:59am,22,landed,22/06/2026
2,QF2580,Port Lincoln,7:08am,,landed,22/06/2026
3,ZL4351,Port Lincoln,7:50am,Bus,landed,22/06/2026
4,JQ776,Melbourne,7:48am,25,landed,22/06/2026
5,VA211,Melbourne,8:00am,12,landed,22/06/2026
6,QF731,Sydney,8:00am,22,landed,22/06/2026
7,ZL4612,Mount Gambier,8:05am,Bus,landed,22/06/2026
8,JQ760,Sydney,8:00am,26,landed,22/06/2026
9,VA1384,Brisbane,8:30am,13,landed,22/06/2026
10,QF1801,Brisbane,8:38am,20,landed,22/06/2026
11,VA404,Sydney,9:10am,14,landed,22/06/2026
12,QF2572,Whyalla,8:38am,,landed,22/06/2026
13,QQ3101,Olympic Dam,9:00am,12,landed,22/06/2026
14,QF2551,Canberra,8:59am,,landed,22/06/2026
15,JQ800,Brisbane,9:05am,25,landed,22/06/2026
16,QF675,Melbourne,9:21am,19,landed,22/06/2026
17,QF1993,Sydney,9:52am,20,landed,22/06/2026
18,ZL4819,Broken Hill,9:50am,Bus,landed,22/06/2026
19,QF882,Perth,9:38am,21,landed,22/06/2026
20,QF1907,Darwin,9:39am,13,landed,22/06/2026
21,QF2582,Port Lincoln,9:53am,,landed,22/06/2026
22,VA217,Melbourne,10:15am,14,landed,22/06/2026
23,JQ857,Perth,10:10am,26,landed,22/06/2026
24,ZL4357,Port Lincoln,10:20am,Bus,landed,22/06/2026
25,ZL4125,Ceduna,10:25am,50,landed,22/06/2026
26,QF1795,Canberra,10:14am,22,landed,22/06/2026
27,NC233,Prominent Hill,10:30am,,landed,22/06/2026
28,JQ774,Melbourne,10:45am,25,landed,22/06/2026
29,QQ3109,Olympic Dam,10:55am,,landed,22/06/2026
30,VA412,Sydney,11:10am,15,landed,22/06/2026
31,VA219,Melbourne,11:05am,12,landed,22/06/2026
32,QF733,Sydney,11:14am,21,landed,22/06/2026
33,VA1388,Brisbane,11:00am,13,landed,22/06/2026
34,QF1803,Brisbane,11:30am,16,landed,22/06/2026
35,JQ762,Sydney,11:30am,25,landed,22/06/2026
36,QF679,Melbourne,11:33am,23,landed,22/06/2026
37,QF2561,Kingscote,11:01am,,landed,22/06/2026
38,ZL4618,Mount Gambier,11:25am,Bus,landed,22/06/2026
39,VA712,Perth,11:20am,14,landed,22/06/2026
40,JQ772,Melbourne,11:25am,26,landed,22/06/2026
41,VA414,Sydney,12:10pm,12,landed,22/06/2026
42,QF735,Sydney,12:01pm,20,landed,22/06/2026
43,QF1805,Brisbane,1:07pm,19,landed,22/06/2026
44,QF1817,Alice Springs,12:48pm,22,landed,22/06/2026
45,JQ963,Cairns,1:25pm,21,landed,22/06/2026
46,QF1909,Newcastle,1:12pm,18,landed,22/06/2026
47,JQ499,Gold Coast,1:21pm,26,landed,22/06/2026
48,QF884,Perth,1:20pm,23,landed,22/06/2026
49,QQ8627,Moomba,1:30pm,,landed,22/06/2026
50,QF683,Melbourne,1:24pm,20,landed,22/06/2026
51,ZL4367,Port Lincoln,1:35pm,Bus,landed,22/06/2026
52,VA227,Melbourne,1:45pm,15,landed,22/06/2026
53,VA418,Sydney,2:00pm,14,landed,22/06/2026
54,JQ859,Perth,2:11pm,25,landed,22/06/2026
55,ZL4487,Coober Pedy,3:00pm,Bus,landed,22/06/2026
56,ZL4377,Port Lincoln,3:10pm,Bus,landed,22/06/2026
57,QF2586,Port Lincoln,3:14pm,,landed,22/06/2026
58,QF1797,Canberra,3:25pm,23,landed,22/06/2026
59,QF687,Melbourne,3:38pm,20,landed,22/06/2026
60,VA231,Melbourne,3:40pm,14,landed,22/06/2026
61,JQ680,Hobart,4:00pm,25,landed,22/06/2026
62,QF739,Sydney,4:30pm,22,landed,22/06/2026
63,QF1911,Darwin,4:21pm,19,landed,22/06/2026
64,VA1448,Gold Coast,4:45pm,13,landed,22/06/2026
65,VA1746,Alice Springs,5:15pm,12,landed,22/06/2026
66,QF1283,Brisbane,5:11pm,25,landed,22/06/2026
67,VA233,Melbourne,5:10pm,15,landed,22/06/2026
68,JQ778,Melbourne,5:20pm,26,landed,22/06/2026
69,VA718,Perth,5:30pm,14,landed,22/06/2026
70,QF691,Melbourne,5:35pm,21,landed,22/06/2026
71,NC217,Port Augusta,5:15pm,,landed,22/06/2026
72,QQ3137,Olympic Dam,6:00pm,,landed,22/06/2026
73,NC783,Carrapateena,5:45pm,50,unknown,22/06/2026
74,QF886,Perth,5:56pm,23,landed,22/06/2026
75,VA237,Melbourne,6:05pm,20,landed,22/06/2026
76,ZL4389,Port Lincoln,6:10pm,Bus,landed,22/06/2026
77,VA1398,Brisbane,6:25pm,13,landed,22/06/2026
78,QF2576,Whyalla,5:50pm,,landed,22/06/2026
79,ZL4632,Mount Gambier,6:20pm,Bus,landed,22/06/2026
80,QF2588,Port Lincoln,6:14pm,50,landed,22/06/2026
81,QF741,Sydney,6:20pm,25,landed,22/06/2026
82,QF2563,Kingscote,8:20pm,50,landed,22/06/2026
83,QF1857,Alice Springs,6:50pm,22,landed,22/06/2026
84,QF693,Melbourne,6:53pm,21,landed,22/06/2026
85,QF743,Sydney,7:11pm,23,landed,22/06/2026
86,VA434,Sydney,7:30pm,14,landed,22/06/2026
87,QF1809,Brisbane,7:37pm,19,landed,22/06/2026
88,QF1905,Darwin,7:26pm,26,landed,22/06/2026
89,JQ621,Avalon,7:42pm,25,landed,22/06/2026
90,QF1799,Canberra,8:32pm,21,landed,22/06/2026
91,QQ3149,Olympic Dam,8:50pm,,landed,22/06/2026
92,JQ804,Brisbane,9:15pm,26,landed,22/06/2026
93,VA442,Sydney,9:40pm,13,landed,22/06/2026
94,JQ780,Melbourne,9:01pm,22,landed,22/06/2026
95,VA247,Melbourne,9:20pm,14,landed,22/06/2026
96,QF1811,Brisbane,9:17pm,19,landed,22/06/2026
97,VA579,Canberra,9:30pm,12,landed,22/06/2026
98,QF888,Perth,9:33pm,21,landed,22/06/2026
99,QQ3151,Olympic Dam,9:45pm,,landed,22/06/2026
100,JQ782,Melbourne,9:49pm,22,landed,22/06/2026
101,JQ768,Sydney,10:28pm,20,landed,22/06/2026
102,VA1404,Brisbane,10:10pm,15,landed,22/06/2026
103,JQ689,Darwin,10:35pm,18,landed,22/06/2026
104,QF749,Sydney,10:38pm,19,landed,22/06/2026
0,QF671,Melbourne,6:53am,23,landed,21/06/2026
1,JQ776,Melbourne,7:58am,26,landed,21/06/2026
2,JQ760,Sydney,8:05am,25,landed,21/06/2026
3,JQ800,Brisbane,9:10am,26,landed,21/06/2026
4,QF1907,Darwin,9:55am,21,landed,21/06/2026
5,VA217,Melbourne,9:50am,14,landed,21/06/2026
6,QF2582,Port Lincoln,9:52am,50,landed,21/06/2026
7,JQ961,Cairns,10:13am,25,landed,21/06/2026
8,JQ857,Perth,10:25am,26,landed,21/06/2026
9,QF1795,Canberra,10:10am,20,landed,21/06/2026
10,VA412,Sydney,10:45am,13,landed,21/06/2026
11,ZL4363,Port Lincoln,11:00am,Bus,landed,21/06/2026
12,VA219,Melbourne,11:15am,15,landed,21/06/2026
13,VA1388,Brisbane,10:45am,16,landed,21/06/2026
14,QF679,Melbourne,11:00am,21,landed,21/06/2026
15,JQ762,Sydney,11:05am,19,landed,21/06/2026
16,QF1803,Brisbane,11:05am,23,landed,21/06/2026
17,JQ772,Melbourne,11:10am,25,landed,21/06/2026
18,VA712,Perth,11:15am,14,landed,21/06/2026
19,QF735,Sydney,11:49am,20,landed,21/06/2026
20,QF1281,Brisbane,12:07pm,24,landed,21/06/2026
21,QF1817,Alice Springs,12:35pm,22,landed,21/06/2026
22,QF2584,Port Lincoln,12:29pm,50,landed,21/06/2026
23,JQ963,Cairns,12:45pm,19,landed,21/06/2026
24,JQ499,Gold Coast,1:25pm,25,landed,21/06/2026
25,QF884,Perth,1:32pm,23,landed,21/06/2026
26,QF683,Melbourne,1:23pm,20,landed,21/06/2026
27,ZL4367,Port Lincoln,1:35pm,Bus,landed,21/06/2026
28,QF737,Sydney,1:35pm,24,landed,21/06/2026
29,VA227,Melbourne,1:35pm,15,landed,21/06/2026
30,VA418,Sydney,1:45pm,14,landed,21/06/2026
31,QF2574,Whyalla,2:23pm,50,landed,21/06/2026
32,ZL4825,Broken Hill,2:50pm,Bus,landed,21/06/2026
33,ZL4377,Port Lincoln,3:10pm,Bus,landed,21/06/2026
34,QF2551,Canberra,2:58pm,50,landed,21/06/2026
35,QF2586,Port Lincoln,3:19pm,50,landed,21/06/2026
36,QF1797,Canberra,3:20pm,24,landed,21/06/2026
37,QF1909,Newcastle,3:19pm,22,landed,21/06/2026
38,QF687,Melbourne,3:37pm,23,landed,21/06/2026
39,VA231,Melbourne,3:45pm,14,landed,21/06/2026
40,JQ680,Hobart,3:45pm,25,landed,21/06/2026
41,VA424,Sydney,3:55pm,15,landed,21/06/2026
42,QF739,Sydney,4:13pm,21,landed,21/06/2026
43,VA1448,Gold Coast,4:25pm,13,landed,21/06/2026
44,JQ764,Sydney,4:35pm,26,landed,21/06/2026
45,QF1807,Brisbane,5:04pm,22,landed,21/06/2026
46,VA233,Melbourne,5:00pm,12,landed,21/06/2026
47,JQ778,Melbourne,5:10pm,25,landed,21/06/2026
48,ZL4135,Ceduna,5:30pm,Bus,landed,21/06/2026
49,VA718,Perth,5:25pm,14,landed,21/06/2026
50,QF691,Melbourne,5:29pm,24,landed,21/06/2026
51,QF886,Perth,5:52pm,23,landed,21/06/2026
52,VA1398,Brisbane,5:40pm,16,landed,21/06/2026
53,VA237,Melbourne,6:00pm,13,landed,21/06/2026
54,ZL4389,Port Lincoln,6:10pm,Bus,landed,21/06/2026
55,QF2576,Whyalla,5:54pm,,landed,21/06/2026
56,ZL4632,Mount Gambier,6:20pm,Bus,landed,21/06/2026
57,QF2563,Kingscote,6:05pm,50,landed,21/06/2026
58,QF741,Sydney,6:13pm,26,landed,21/06/2026
59,VA428,Sydney,6:20pm,15,landed,21/06/2026
60,QQ3241,Olympic Dam,7:00pm,,landed,21/06/2026
61,QF693,Melbourne,7:20pm,22,landed,21/06/2026
62,QF743,Sydney,6:56pm,21,landed,21/06/2026
63,VA241,Melbourne,7:00pm,12,landed,21/06/2026
64,QF1285,Brisbane,7:02pm,24,landed,21/06/2026
65,VA434,Sydney,7:20pm,14,landed,21/06/2026
66,QF1905,Darwin,7:20pm,26,landed,21/06/2026
67,JQ621,Avalon,7:06pm,25,landed,21/06/2026
68,QF697,Melbourne,7:47pm,23,landed,21/06/2026
69,ZL4397,Port Lincoln,8:20pm,Bus,landed,21/06/2026
70,JQ497,Gold Coast,8:45pm,26,landed,21/06/2026
71,QF1799,Canberra,8:17pm,16,landed,21/06/2026
72,VA442,Sydney,8:50pm,12,landed,21/06/2026
73,VA247,Melbourne,8:45pm,15,landed,21/06/2026
74,QF1811,Brisbane,9:19pm,24,landed,21/06/2026
75,VA579,Canberra,9:10pm,13,landed,21/06/2026
76,QF888,Perth,9:14pm,22,landed,21/06/2026
77,JQ782,Melbourne,10:00pm,16,landed,21/06/2026
78,JQ768,Sydney,10:45pm,25,landed,21/06/2026
79,VA1404,Brisbane,9:56pm,12,landed,21/06/2026
80,VA722,Perth,9:57pm,14,landed,21/06/2026
81,JQ988,Sydney,12:20am,19,landed,21/06/2026
82,JQ689,Darwin,10:07pm,18,landed,21/06/2026
83,QF749,Sydney,10:20pm,20,landed,21/06/2026
0,QF671,Melbourne,6:59am,21,landed,23/06/2026
1,QF2580,Port Lincoln,8:16am,,landed,23/06/2026
2,ZL4351,Port Lincoln,7:50am,Bus,landed,23/06/2026
3,JQ776,Melbourne,8:15am,25,landed,23/06/2026
4,ZL4612,Mount Gambier,8:05am,Bus,landed,23/06/2026
5,QF731,Sydney,8:09am,22,landed,23/06/2026
6,VA211,Melbourne,8:20am,13,landed,23/06/2026
7,JQ760,Sydney,8:20am,21,landed,23/06/2026
8,QF1801,Brisbane,8:39am,26,landed,23/06/2026
9,VA404,Sydney,8:45am,14,landed,23/06/2026
10,QF2572,Whyalla,8:43am,,landed,23/06/2026
11,QF2551,Canberra,9:38am,,landed,23/06/2026
12,JQ800,Brisbane,9:30am,25,landed,23/06/2026
13,QF675,Melbourne,9:26am,22,landed,23/06/2026
14,QQ3103,Olympic Dam,9:30am,13,landed,23/06/2026
15,QF1993,Sydney,10:29am,21,landed,23/06/2026
16,QF1907,Darwin,9:39am,23,landed,23/06/2026
17,VA217,Melbourne,9:53am,14,landed,23/06/2026
18,QF2582,Port Lincoln,10:38am,,landed,23/06/2026
19,ZL4357,Port Lincoln,10:20am,Bus,landed,23/06/2026
20,ZL4125,Ceduna,10:25am,Bus,landed,23/06/2026
21,JQ774,Melbourne,10:21am,25,landed,23/06/2026
22,QQ3109,Olympic Dam,10:25am,,landed,23/06/2026
23,NC783,Port Augusta,10:45am,,landed,23/06/2026
24,VA412,Sydney,11:00am,12,landed,23/06/2026
25,VA219,Melbourne,11:10am,16,landed,23/06/2026
26,QF733,Sydney,11:22am,22,landed,23/06/2026
27,VA1388,Brisbane,11:05am,15,landed,23/06/2026
28,JQ762,Sydney,11:04am,20,landed,23/06/2026
29,ZL4618,Mount Gambier,11:25am,Bus,landed,23/06/2026
30,QF2561,Kingscote,11:25am,50,landed,23/06/2026
31,QF679,Melbourne,11:07am,23,landed,23/06/2026
32,VA712,Perth,11:35am,14,landed,23/06/2026
33,ZL9381,Ceduna,11:35am,Bus,landed,23/06/2026
34,VA414,Sydney,11:55am,13,landed,23/06/2026
35,NC241,Port Augusta,11:55am,,landed,23/06/2026
36,QF735,Sydney,12:01pm,21,landed,23/06/2026
37,QF1803,Brisbane,11:22am,18,landed,23/06/2026
38,QF1805,Brisbane,2:06pm,18,landed,23/06/2026
39,QF1817,Alice Springs,12:45pm,23,landed,23/06/2026
40,JQ963,Cairns,1:15pm,25,landed,23/06/2026
41,QF1909,Newcastle,1:18pm,21,landed,23/06/2026
42,JQ499,Gold Coast,1:30pm,26,landed,23/06/2026
43,QF884,Perth,1:25pm,22,landed,23/06/2026
44,ZL4367,Port Lincoln,1:35pm,Bus,landed,23/06/2026
45,QF683,Melbourne,1:39pm,19,landed,23/06/2026
46,QF737,Sydney,1:32pm,23,landed,23/06/2026
47,VA227,Melbourne,1:45pm,16,landed,23/06/2026
48,QQ3119,Olympic Dam,1:45pm,14,unknown,23/06/2026
49,ZL4823,Broken Hill,1:45pm,Bus,landed,23/06/2026
50,VA418,Sydney,2:10pm,15,landed,23/06/2026
51,NC233,Prominent Hill,2:20pm,50,landed,23/06/2026
52,JQ770,Sydney,2:40pm,25,landed,23/06/2026
53,ZL4377,Port Lincoln,3:10pm,Bus,landed,23/06/2026
54,QF1797,Canberra,3:25pm,20,landed,23/06/2026
55,QF687,Melbourne,3:34pm,23,landed,23/06/2026
56,VA231,Melbourne,3:50pm,17,landed,23/06/2026
57,QF739,Sydney,4:25pm,22,landed,23/06/2026
58,QQ8629,Moomba,4:15pm,,landed,23/06/2026
59,VA1448,Gold Coast,4:45pm,13,landed,23/06/2026
60,JQ111,Denpasar,4:45pm,16,landed,23/06/2026
61,QF1283,Brisbane,4:54pm,21,landed,23/06/2026
62,JQ778,Melbourne,5:50pm,25,landed,23/06/2026
63,VA718,Perth,5:45pm,14,landed,23/06/2026
64,QF691,Melbourne,5:36pm,22,landed,23/06/2026
65,JQ807,Maroochydore,6:10pm,26,landed,23/06/2026
66,NC785,Port Augusta,5:55pm,50,landed,23/06/2026
67,QQ3137,Olympic Dam,5:55pm,19,landed,23/06/2026
68,QF886,Perth,6:09pm,23,landed,23/06/2026
69,VA237,Melbourne,6:00pm,12,landed,23/06/2026
70,ZL4389,Port Lincoln,6:10pm,Bus,landed,23/06/2026
71,VA1398,Brisbane,6:15pm,13,landed,23/06/2026
72,QF2576,Whyalla,5:55pm,50,landed,23/06/2026
73,ZL4632,Mount Gambier,6:20pm,Bus,landed,23/06/2026
74,QF2588,Port Lincoln,6:20pm,,landed,23/06/2026
75,QF741,Sydney,6:28pm,20,landed,23/06/2026
76,ZL9383,Ceduna,6:40pm,Bus,landed,23/06/2026
77,QQ3141,Olympic Dam,6:40pm,,landed,23/06/2026
78,QF693,Melbourne,6:52pm,21,landed,23/06/2026
79,VA1504,Cairns,6:55pm,14,landed,23/06/2026
80,QF743,Sydney,7:02pm,22,landed,23/06/2026
81,VA434,Sydney,7:25pm,12,landed,23/06/2026
82,QF1905,Darwin,7:31pm,26,landed,23/06/2026
83,QF1799,Canberra,8:43pm,23,landed,23/06/2026
84,VA442,Sydney,9:10pm,14,landed,23/06/2026
85,VA247,Melbourne,9:50pm,15,landed,23/06/2026
86,QF1811,Brisbane,10:20pm,16,landed,23/06/2026
87,QF888,Perth,9:26pm,20,landed,23/06/2026
88,QQ3151,Olympic Dam,9:30pm,,landed,23/06/2026
89,JQ782,Melbourne,10:40pm,26,landed,23/06/2026
90,JQ768,Sydney,9:40pm,19,landed,23/06/2026
91,VA1404,Brisbane,9:40pm,13,landed,23/06/2026
92,QF749,Sydney,10:29pm,23,landed,23/06/2026
0,QF671,Melbourne,7:00am,23,landed,24/06/2026
1,QF2580,Port Lincoln,7:09am,,landed,24/06/2026
2,ZL4351,Port Lincoln,7:50am,Bus,landed,24/06/2026
3,JQ776,Melbourne,7:55am,26,landed,24/06/2026
4,VA211,Melbourne,7:55am,14,landed,24/06/2026
5,QF731,Sydney,8:16am,21,landed,24/06/2026
6,ZL4612,Mount Gambier,8:20am,Bus,landed,24/06/2026
7,JQ760,Sydney,8:15am,25,landed,24/06/2026
8,NC233,Prominent Hill,8:20am,,landed,24/06/2026
9,QF1801,Brisbane,8:51am,22,landed,24/06/2026
10,VA404,Sydney,8:55am,17,cancelled,24/06/2026
11,QF2572,Whyalla,8:36am,,landed,24/06/2026
12,NC783,Carrapateena,9:00am,,landed,24/06/2026
13,JQ800,Brisbane,9:05am,26,landed,24/06/2026
14,QF2551,Canberra,9:45am,,landed,24/06/2026
15,QF675,Melbourne,9:26am,19,landed,24/06/2026
16,QF1993,Sydney,10:21am,23,landed,24/06/2026
17,ZL4819,Broken Hill,9:50am,Bus,landed,24/06/2026
18,QQ3105,Olympic Dam,9:55am,12,landed,24/06/2026
19,QF1907,Darwin,10:00am,25,landed,24/06/2026
20,QF2582,Port Lincoln,9:55am,,landed,24/06/2026
21,VA217,Melbourne,10:25am,13,landed,24/06/2026
22,QQ3115,Olympic Dam,10:15am,16,landed,24/06/2026
23,ZL4357,Port Lincoln,10:20am,Bus,landed,24/06/2026
24,JQ857,Perth,10:29am,21,landed,24/06/2026
25,JQ774,Melbourne,10:22am,26,landed,24/06/2026
26,NC780,Port Augusta,10:05am,,landed,24/06/2026
27,VA412,Sydney,12:25pm,14,landed,24/06/2026
28,VA219,Melbourne,11:00am,14,landed,24/06/2026
29,QF733,Sydney,11:32am,22,landed,24/06/2026
30,VA1388,Brisbane,11:10am,16,landed,24/06/2026
31,JQ762,Sydney,10:55am,19,landed,24/06/2026
32,QF679,Melbourne,11:18am,20,landed,24/06/2026
33,QF1803,Brisbane,11:21am,25,landed,24/06/2026
34,QF2561,Kingscote,10:57am,,landed,24/06/2026
35,ZL4618,Mount Gambier,11:25am,Bus,landed,24/06/2026
36,VA712,Perth,11:30am,13,landed,24/06/2026
37,ZL9381,Ceduna,11:35am,Bus,landed,24/06/2026
38,VA414,Sydney,11:40am,15,landed,24/06/2026
39,QF735,Sydney,12:10pm,21,landed,24/06/2026
40,QQ8623,Moomba,12:05pm,,landed,24/06/2026
41,QF1805,Brisbane,12:33pm,23,landed,24/06/2026
42,NC237,Prominent Hill,12:40pm,,landed,24/06/2026
43,QF1817,Alice Springs,12:44pm,22,landed,24/06/2026
44,JQ963,Cairns,1:20pm,25,landed,24/06/2026
45,JQ499,Gold Coast,1:00pm,26,landed,24/06/2026
46,QF1909,Newcastle,1:15pm,16,landed,24/06/2026
47,QF884,Perth,1:43pm,20,landed,24/06/2026
48,QF683,Melbourne,1:32pm,23,landed,24/06/2026
49,ZL4367,Port Lincoln,1:35pm,Bus,landed,24/06/2026
50,QF737,Sydney,1:44pm,22,landed,24/06/2026
51,VA227,Melbourne,1:30pm,15,landed,24/06/2026
52,VA418,Sydney,1:50pm,13,landed,24/06/2026
53,JQ770,Sydney,2:25pm,19,landed,24/06/2026
54,ZL4487,Coober Pedy,3:00pm,Bus,landed,24/06/2026
55,ZL4377,Port Lincoln,3:10pm,Bus,landed,24/06/2026
56,QF2586,Port Lincoln,3:12pm,,landed,24/06/2026
57,QF1797,Canberra,3:53pm,23,landed,24/06/2026
58,VA231,Melbourne,3:35pm,13,landed,24/06/2026
59,QF687,Melbourne,3:38pm,20,landed,24/06/2026
60,JQ680,Hobart,3:39pm,21,landed,24/06/2026
61,QF739,Sydney,4:25pm,22,landed,24/06/2026
62,VA1448,Gold Coast,4:35pm,14,landed,24/06/2026
63,VA1746,Alice Springs,5:00pm,12,landed,24/06/2026
64,QF1283,Brisbane,4:59pm,20,landed,24/06/2026
65,QQ3161,Olympic Dam,5:15pm,16,unknown,24/06/2026
66,JQ778,Melbourne,5:16pm,26,landed,24/06/2026
67,ZL4135,Ceduna,5:30pm,Bus,landed,24/06/2026
68,VA718,Perth,6:05pm,13,landed,24/06/2026
69,QF691,Melbourne,5:29pm,23,landed,24/06/2026
70,NC785,Port Augusta,5:55pm,,landed,24/06/2026
71,QQ3137,Olympic Dam,6:00pm,25,unknown,24/06/2026
72,QF886,Perth,6:12pm,22,landed,24/06/2026
73,VA237,Melbourne,6:06pm,12,landed,24/06/2026
74,ZL4389,Port Lincoln,6:10pm,Bus,landed,24/06/2026
75,VA1398,Brisbane,6:30pm,15,landed,24/06/2026
76,QF2576,Whyalla,6:01pm,,landed,24/06/2026
77,ZL4632,Mount Gambier,6:20pm,Bus,landed,24/06/2026
78,QF2588,Port Lincoln,6:14pm,,landed,24/06/2026
79,QF741,Sydney,6:21pm,20,landed,24/06/2026
80,QF693,Melbourne,6:48pm,23,landed,24/06/2026
81,QF743,Sydney,7:04pm,21,landed,24/06/2026
82,VA434,Sydney,7:35pm,13,landed,24/06/2026
83,QF1905,Darwin,7:37pm,20,landed,24/06/2026
84,NC239,Prominent Hill,7:55pm,,landed,24/06/2026
85,QF697,Melbourne,7:55pm,22,landed,24/06/2026
86,ZL4847,Broken Hill,8:15pm,Bus,landed,24/06/2026
87,ZL4397,Port Lincoln,8:20pm,Bus,landed,24/06/2026
88,QF1799,Canberra,8:31pm,25,landed,24/06/2026
89,QQ3149,Olympic Dam,8:45pm,,landed,24/06/2026
90,VA442,Sydney,9:00pm,14,landed,24/06/2026
91,VA247,Melbourne,8:55pm,13,landed,24/06/2026
92,QF1811,Brisbane,9:10pm,23,landed,24/06/2026
93,QF888,Perth,9:39pm,20,landed,24/06/2026
94,JQ782,Melbourne,9:50pm,26,landed,24/06/2026
95,QQ3153,Olympic Dam,9:45pm,,landed,24/06/2026
96,JQ768,Sydney,10:15pm,25,landed,24/06/2026
97,VA1404,Brisbane,10:00pm,15,landed,24/06/2026
98,JQ689,Darwin,10:15pm,18,landed,24/06/2026
99,QF749,Sydney,10:23pm,19,landed,24/06/2026
0,QF671,Melbourne,6:46am,22,landed,25/06/2026
1,QF2580,Port Lincoln,7:10am,,landed,25/06/2026
2,ZL4351,Port Lincoln,8:10am,Bus,landed,25/06/2026
3,JQ776,Melbourne,7:50am,26,landed,25/06/2026
4,QF731,Sydney,8:02am,21,landed,25/06/2026
5,VA211,Melbourne,8:05am,17,cancelled,25/06/2026
6,ZL4612,Mount Gambier,8:35am,Bus,landed,25/06/2026
7,JQ760,Sydney,8:13am,25,landed,25/06/2026
8,VA1384,Brisbane,8:20am,12,landed,25/06/2026
9,QF1801,Brisbane,8:34am,22,landed,25/06/2026
10,VA404,Sydney,8:45am,14,landed,25/06/2026
11,QF2572,Whyalla,9:00am,,landed,25/06/2026
12,NC787,Carrapateena,9:00am,,landed,25/06/2026
13,QF2551,Canberra,9:05am,50,landed,25/06/2026
14,JQ800,Brisbane,9:05am,26,landed,25/06/2026
15,QQ3103,Olympic Dam,9:10am,,landed,25/06/2026
16,NC233,Prominent Hill,12:50pm,,unknown,25/06/2026
17,QF1993,Sydney,9:51am,23,landed,25/06/2026
18,QF1907,Darwin,9:38am,25,landed,25/06/2026
19,QF882,Perth,9:56am,20,landed,25/06/2026
20,QQ3105,Olympic Dam,10:00am,16,landed,25/06/2026
21,QF2582,Port Lincoln,9:58am,,landed,25/06/2026
22,VA217,Melbourne,10:00am,14,landed,25/06/2026
23,QF1791,Melbourne,10:28am,19,landed,25/06/2026
24,ZL4357,Port Lincoln,10:40am,Bus,landed,25/06/2026
25,ZL4125,Ceduna,10:25am,Bus,landed,25/06/2026
26,QF1795,Canberra,10:11am,13,landed,25/06/2026
27,JQ774,Melbourne,10:35am,21,landed,25/06/2026
28,VA412,Sydney,11:05am,15,landed,25/06/2026
29,NC243,Port Augusta,10:40am,50,landed,25/06/2026
30,QF733,Sydney,11:03am,20,landed,25/06/2026
31,VA219,Melbourne,11:15am,14,landed,25/06/2026
32,VA1388,Brisbane,10:50am,12,landed,25/06/2026
33,QF679,Melbourne,11:12am,22,landed,25/06/2026
34,QF1803,Brisbane,11:26am,16,landed,25/06/2026
35,JQ762,Sydney,11:47am,26,landed,25/06/2026
36,QF2561,Kingscote,11:33am,50,landed,25/06/2026
37,ZL4618,Mount Gambier,1:10pm,Bus,landed,25/06/2026
38,VA712,Perth,11:20am,13,landed,25/06/2026
39,JQ772,Melbourne,11:45am,19,landed,25/06/2026
40,VA414,Sydney,12:05pm,15,landed,25/06/2026
41,QF735,Sydney,11:54am,21,landed,25/06/2026
42,QF1805,Brisbane,12:28pm,22,landed,25/06/2026
43,JQ963,Cairns,12:52pm,25,landed,25/06/2026
44,NC783,Carrapateena,3:50pm,,landed,25/06/2026
45,QF1909,Newcastle,1:05pm,16,landed,25/06/2026
46,JQ499,Gold Coast,1:35pm,19,landed,25/06/2026
47,QF884,Perth,1:20pm,21,landed,25/06/2026
48,ZL4367,Port Lincoln,1:35pm,Bus,landed,25/06/2026
49,QF683,Melbourne,1:57pm,20,landed,25/06/2026
50,QF737,Sydney,1:43pm,23,landed,25/06/2026
51,VA227,Melbourne,1:35pm,15,landed,25/06/2026
52,QQ3119,Olympic Dam,1:45pm,13,unknown,25/06/2026
53,ZL4823,Broken Hill,1:45pm,Bus,landed,25/06/2026
54,VA418,Sydney,1:50pm,12,landed,25/06/2026
55,JQ859,Perth,2:15pm,25,landed,25/06/2026
56,QQ8629,Moomba,2:30pm,,landed,25/06/2026
57,ZL4377,Port Lincoln,3:30pm,Bus,landed,25/06/2026
58,QF2586,Port Lincoln,3:37pm,50,landed,25/06/2026
59,QF1797,Canberra,3:11pm,23,landed,25/06/2026
60,QF687,Melbourne,3:35pm,20,landed,25/06/2026
61,VA231,Melbourne,3:55pm,12,landed,25/06/2026
62,QF739,Sydney,4:18pm,21,landed,25/06/2026
63,VA1448,Gold Coast,4:45pm,14,landed,25/06/2026
64,JQ111,Denpasar,4:56pm,20,landed,25/06/2026
65,QF1283,Brisbane,4:53pm,24,landed,25/06/2026
66,VA233,Melbourne,5:10pm,13,landed,25/06/2026
67,JQ778,Melbourne,5:10pm,23,landed,25/06/2026
68,NC239,Prominent Hill,8:40pm,,landed,25/06/2026
69,ZL4135,Ceduna,5:30pm,Bus,landed,25/06/2026
70,QF886,Perth,5:35pm,25,landed,25/06/2026
71,VA718,Perth,5:35pm,14,landed,25/06/2026
72,QF691,Melbourne,5:48pm,22,landed,25/06/2026
73,JQ807,Maroochydore,5:45pm,21,landed,25/06/2026
74,NC785,Carrapateena,7:17pm,,unknown,25/06/2026
75,VA1398,Brisbane,5:55pm,12,landed,25/06/2026
76,VA237,Melbourne,5:55pm,15,landed,25/06/2026
77,ZL4389,Port Lincoln,6:10pm,Bus,landed,25/06/2026
78,QF2576,Whyalla,6:01pm,,landed,25/06/2026
79,ZL4632,Mount Gambier,6:20pm,Bus,landed,25/06/2026
80,QF741,Sydney,6:19pm,19,landed,25/06/2026
81,QQ3141,Olympic Dam,6:40pm,25,landed,25/06/2026
82,QF693,Melbourne,6:46pm,23,landed,25/06/2026
83,QF1857,Alice Springs,7:20pm,24,landed,25/06/2026
84,QF743,Sydney,6:54pm,20,landed,25/06/2026
85,VA1504,Cairns,7:05pm,13,landed,25/06/2026
86,QQ3143,Olympic Dam,7:10pm,,landed,25/06/2026
87,VA434,Sydney,7:25pm,12,landed,25/06/2026
88,QF1905,Darwin,7:22pm,22,landed,25/06/2026
89,QF697,Melbourne,7:50pm,19,landed,25/06/2026
90,ZL4847,Broken Hill,8:00pm,Bus,landed,25/06/2026
91,QF745,Sydney,8:13pm,21,landed,25/06/2026
92,ZL4397,Port Lincoln,8:20pm,Bus,landed,25/06/2026
93,QF1799,Canberra,8:38pm,25,landed,25/06/2026
94,JQ621,Avalon,9:13pm,22,landed,25/06/2026
95,VA442,Sydney,9:15pm,13,landed,25/06/2026
96,VA247,Melbourne,9:05pm,14,landed,25/06/2026
97,QF1811,Brisbane,9:06pm,23,landed,25/06/2026
98,VA579,Canberra,9:15pm,12,landed,25/06/2026
99,QF888,Perth,9:15pm,20,landed,25/06/2026
100,JQ782,Melbourne,10:15pm,26,landed,25/06/2026
101,JQ768,Sydney,10:20pm,25,landed,25/06/2026
102,VA1404,Brisbane,9:50pm,14,landed,25/06/2026
103,VA722,Perth,9:47pm,15,landed,25/06/2026
104,QF749,Sydney,10:17pm,16,landed,25/06/2026
105,NC507,Perth,11:30pm,50,landed,25/06/2026
106,NC245,Port Augusta,11:55pm,50,landed,25/06/2026
0,VA203,Melbourne,7:00am,17,cancelled,26/06/2026
1,QF671,Melbourne,7:00am,22,landed,26/06/2026
2,QF2580,Port Lincoln,7:12am,,landed,26/06/2026
3,ZL4351,Port Lincoln,7:50am,Bus,landed,26/06/2026
4,JQ776,Melbourne,8:25am,19,landed,26/06/2026
5,QF731,Sydney,8:02am,20,landed,26/06/2026
6,VA211,Melbourne,8:05am,12,landed,26/06/2026
7,ZL4612,Mount Gambier,10:15am,Bus,landed,26/06/2026
8,JQ760,Sydney,8:05am,21,landed,26/06/2026
9,VA1384,Brisbane,8:15am,14,landed,26/06/2026
10,QF1801,Brisbane,8:21am,24,landed,26/06/2026
11,VA404,Sydney,8:50am,13,landed,26/06/2026
12,QF2572,Whyalla,8:42am,,landed,26/06/2026
13,NC245,Prominent Hill,9:04am,,landed,26/06/2026
14,JQ800,Brisbane,9:05am,26,landed,26/06/2026
15,QF2551,Canberra,9:05am,,landed,26/06/2026
16,QF675,Melbourne,10:16am,21,landed,26/06/2026
17,QF1993,Sydney,9:32am,20,landed,26/06/2026
18,ZL4819,Broken Hill,2:00pm,Bus,landed,26/06/2026
19,QF882,Perth,9:42am,23,landed,26/06/2026
20,QF1907,Darwin,9:59am,24,landed,26/06/2026
21,QF2582,Port Lincoln,10:02am,50,landed,26/06/2026
22,VA217,Melbourne,10:20am,14,landed,26/06/2026
23,QQ3111,Olympic Dam,10:15am,,landed,26/06/2026
24,JQ857,Perth,10:10am,25,landed,26/06/2026
25,ZL4357,Port Lincoln,10:20am,Bus,landed,26/06/2026
26,QF1795,Canberra,10:06am,19,landed,26/06/2026
27,NC233,Prominent Hill,10:36am,,landed,26/06/2026
28,JQ774,Melbourne,11:25am,26,landed,26/06/2026
29,NC783,Port Augusta,10:48am,,landed,26/06/2026
30,VA412,Sydney,11:25am,13,landed,26/06/2026
31,QF733,Sydney,10:57am,23,landed,26/06/2026
32,VA219,Melbourne,12:55pm,12,landed,26/06/2026
33,VA1388,Brisbane,10:48am,12,landed,26/06/2026
34,QF1803,Brisbane,11:07am,24,landed,26/06/2026
35,QF679,Melbourne,11:15am,17,cancelled,26/06/2026
36,JQ762,Sydney,1:06pm,21,landed,26/06/2026
37,QF2561,Kingscote,10:58am,,landed,26/06/2026
38,ZL4618,Mount Gambier,12:55pm,Bus,cancelled,26/06/2026
39,VA712,Perth,11:25am,16,landed,26/06/2026
40,QQ8623,Moomba,11:30am,,landed,26/06/2026
41,JQ772,Melbourne,1:09pm,25,landed,26/06/2026
42,ZL9381,Ceduna,11:35am,Bus,landed,26/06/2026
43,VA414,Sydney,11:45am,14,landed,26/06/2026
44,QF735,Sydney,11:45am,20,landed,26/06/2026
45,QF1805,Brisbane,12:22pm,26,landed,26/06/2026
46,QF1817,Alice Springs,12:40pm,23,landed,26/06/2026
47,JQ963,Cairns,12:50pm,19,landed,26/06/2026
48,QF1909,Newcastle,1:11pm,15,landed,26/06/2026
49,JQ499,Gold Coast,3:25pm,25,landed,26/06/2026
50,QF884,Perth,1:16pm,24,landed,26/06/2026
51,ZL4367,Port Lincoln,1:35pm,Bus,landed,26/06/2026
52,QF683,Melbourne,2:02pm,23,landed,26/06/2026
53,QF737,Sydney,1:21pm,22,landed,26/06/2026
54,VA227,Melbourne,2:35pm,14,landed,26/06/2026
55,VA418,Sydney,1:55pm,13,landed,26/06/2026
56,JQ770,Sydney,2:35pm,26,landed,26/06/2026
57,ZL4487,Coober Pedy,7:50pm,Bus,landed,26/06/2026
58,ZL4377,Port Lincoln,3:10pm,Bus,landed,26/06/2026
59,QF2586,Port Lincoln,3:23pm,,landed,26/06/2026
60,QF1797,Canberra,3:18pm,24,landed,26/06/2026
61,VA231,Melbourne,4:00pm,13,landed,26/06/2026
62,QF687,Melbourne,4:00pm,22,landed,26/06/2026
63,JQ680,Hobart,4:40pm,21,landed,26/06/2026
64,QF739,Sydney,4:30pm,23,landed,26/06/2026
65,VA1448,Gold Coast,4:43pm,14,landed,26/06/2026
66,VA1746,Alice Springs,6:00pm,13,landed,26/06/2026
67,JQ764,Sydney,4:45pm,26,landed,26/06/2026
68,QF1283,Brisbane,4:50pm,24,landed,26/06/2026
69,NC237,Port Augusta,4:30pm,,landed,26/06/2026
70,VA233,Melbourne,6:05pm,15,landed,26/06/2026
71,JQ778,Melbourne,5:25pm,25,landed,26/06/2026
72,ZL4135,Ceduna,5:30pm,Bus,landed,26/06/2026
73,VA718,Perth,5:30pm,12,landed,26/06/2026
74,QF691,Melbourne,5:38pm,23,landed,26/06/2026
75,NC785,Port Augusta,8:50pm,50,unknown,26/06/2026
76,QF886,Perth,5:51pm,26,landed,26/06/2026
77,VA1398,Brisbane,5:45pm,16,landed,26/06/2026
78,ZL4389,Port Lincoln,6:00pm,Bus,landed,26/06/2026
79,QQ3137,Olympic Dam,6:10pm,,landed,26/06/2026
80,VA237,Melbourne,6:45pm,14,landed,26/06/2026
81,QF2576,Whyalla,6:00pm,,landed,26/06/2026
82,ZL4632,Mount Gambier,6:20pm,Bus,cancelled,26/06/2026
83,QF2563,Kingscote,6:04pm,,landed,26/06/2026
84,QF741,Sydney,6:11pm,22,landed,26/06/2026
85,VA428,Sydney,6:25pm,12,landed,26/06/2026
86,ZL9383,Ceduna,6:40pm,Bus,landed,26/06/2026
87,JQ766,Sydney,7:20pm,25,landed,26/06/2026
88,QF693,Melbourne,6:43pm,24,landed,26/06/2026
89,QF743,Sydney,7:22pm,21,landed,26/06/2026
90,VA241,Melbourne,7:10pm,13,landed,26/06/2026
91,QF1809,Brisbane,7:08pm,23,landed,26/06/2026
92,VA434,Sydney,7:20pm,16,landed,26/06/2026
93,QF1905,Darwin,7:17pm,15,landed,26/06/2026
94,JQ621,Avalon,9:50pm,25,landed,26/06/2026
95,QF697,Melbourne,7:57pm,22,landed,26/06/2026
96,ZL4847,Broken Hill,9:05pm,,landed,26/06/2026
97,QF745,Sydney,8:16pm,21,landed,26/06/2026
98,ZL4397,Port Lincoln,9:00pm,Bus,landed,26/06/2026
99,JQ497,Gold Coast,9:40pm,24,landed,26/06/2026
100,QF1799,Canberra,8:23pm,23,landed,26/06/2026
101,VA442,Sydney,9:35pm,14,landed,26/06/2026
102,JQ780,Melbourne,9:16pm,26,landed,26/06/2026
103,VA247,Melbourne,9:30pm,15,landed,26/06/2026
104,QF1811,Brisbane,8:56pm,16,landed,26/06/2026
105,VA579,Canberra,9:05pm,13,landed,26/06/2026
106,QF888,Perth,9:22pm,22,landed,26/06/2026
107,JQ782,Melbourne,9:45pm,21,landed,26/06/2026
108,JQ768,Sydney,9:56pm,26,landed,26/06/2026
109,VA1404,Brisbane,10:05pm,15,landed,26/06/2026
110,VA722,Perth,10:05pm,13,landed,26/06/2026
111,JQ689,Darwin,10:30pm,20,landed,26/06/2026
112,QF749,Sydney,10:24pm,19,landed,26/06/2026
0,QF671,Melbourne,7:00am,25,landed,27/06/2026
1,QF2580,Port Lincoln,7:07am,,landed,27/06/2026
2,JQ776,Melbourne,7:50am,26,landed,27/06/2026
3,VA211,Melbourne,8:05am,13,landed,27/06/2026
4,JQ760,Sydney,8:05am,25,landed,27/06/2026
5,QF1801,Brisbane,9:05am,22,landed,27/06/2026
6,ZL4353,Port Lincoln,9:30am,Bus,landed,27/06/2026
7,JQ800,Brisbane,9:13am,26,landed,27/06/2026
8,QF675,Melbourne,9:19am,21,landed,27/06/2026
9,QF1993,Sydney,9:45am,24,landed,27/06/2026
10,QF1907,Darwin,9:41am,25,landed,27/06/2026
11,QQ3205,Olympic Dam,10:00am,12,landed,27/06/2026
12,VA217,Melbourne,10:05am,14,landed,27/06/2026
13,QF2582,Port Lincoln,10:25am,,landed,27/06/2026
14,QF1795,Canberra,10:16am,22,landed,27/06/2026
15,JQ774,Melbourne,10:38am,26,landed,27/06/2026
16,VA412,Sydney,10:45am,13,landed,27/06/2026
17,ZL4363,Port Lincoln,11:20am,Bus,landed,27/06/2026
18,VA219,Melbourne,10:55am,16,landed,27/06/2026
19,QF733,Sydney,11:08am,24,landed,27/06/2026
20,VA1388,Brisbane,10:55am,15,landed,27/06/2026
21,JQ762,Sydney,10:55am,20,landed,27/06/2026
22,QF679,Melbourne,11:14am,23,landed,27/06/2026
23,QF2561,Kingscote,11:02am,,landed,27/06/2026
24,VA712,Perth,11:20am,14,landed,27/06/2026
25,QF1281,Brisbane,12:17pm,24,landed,27/06/2026
26,JQ963,Cairns,1:05pm,26,landed,27/06/2026
27,JQ499,Gold Coast,1:15pm,25,landed,27/06/2026
28,JQ859,Perth,1:31pm,21,landed,27/06/2026
29,QF683,Melbourne,1:35pm,24,landed,27/06/2026
30,ZL4367,Port Lincoln,1:35pm,Bus,landed,27/06/2026
31,QF737,Sydney,1:24pm,22,landed,27/06/2026
32,VA227,Melbourne,1:40pm,14,landed,27/06/2026
33,VA418,Sydney,1:45pm,13,landed,27/06/2026
34,QF1817,Alice Springs,3:23pm,25,landed,27/06/2026
35,QF2586,Port Lincoln,3:17pm,,landed,27/06/2026
36,QF687,Melbourne,3:35pm,22,landed,27/06/2026
37,VA424,Sydney,3:45pm,14,landed,27/06/2026
38,QF739,Sydney,4:25pm,23,landed,27/06/2026
39,VA1448,Gold Coast,4:30pm,13,landed,27/06/2026
40,JQ111,Denpasar,4:29pm,19,landed,27/06/2026
41,QF1807,Brisbane,4:40pm,24,landed,27/06/2026
42,VA233,Melbourne,5:10pm,12,landed,27/06/2026
43,JQ778,Melbourne,5:20pm,26,landed,27/06/2026
44,VA718,Perth,5:20pm,15,landed,27/06/2026
45,JQ807,Maroochydore,5:55pm,25,landed,27/06/2026
46,VA1398,Brisbane,6:00pm,14,landed,27/06/2026
47,QF741,Sydney,6:05pm,21,landed,27/06/2026
48,QF693,Melbourne,6:46pm,25,landed,27/06/2026
49,VA1504,Cairns,6:50pm,12,landed,27/06/2026
50,QF1809,Brisbane,7:28pm,23,landed,27/06/2026
51,QF1905,Darwin,7:00pm,26,landed,27/06/2026
52,JQ804,Brisbane,8:50pm,24,landed,27/06/2026
53,JQ621,Avalon,9:35pm,16,landed,27/06/2026
54,QF888,Perth,9:06pm,21,landed,27/06/2026
55,JQ782,Melbourne,10:00pm,26,landed,27/06/2026
56,JQ768,Sydney,10:15pm,23,landed,27/06/2026
57,VA1404,Brisbane,9:50pm,13,landed,27/06/2026
58,JQ689,Darwin,10:50pm,18,landed,27/06/2026
59,QF749,Sydney,10:22pm,24,landed,27/06/2026
0,QF671,Melbourne,6:56am,21,landed,28/06/2026
1,JQ776,Melbourne,8:10am,26,landed,28/06/2026
2,VA211,Melbourne,10:12am,15,landed,28/06/2026
3,JQ760,Sydney,8:05am,25,landed,28/06/2026
4,JQ800,Brisbane,9:05am,26,landed,28/06/2026
5,QF1907,Darwin,9:38am,19,landed,28/06/2026
6,QF2582,Port Lincoln,9:44am,,landed,28/06/2026
7,VA217,Melbourne,10:10am,12,landed,28/06/2026
8,JQ961,Cairns,10:45am,25,landed,28/06/2026
9,JQ857,Perth,10:28am,26,landed,28/06/2026
10,QF1795,Canberra,10:14am,20,landed,28/06/2026
11,VA412,Sydney,11:12am,13,landed,28/06/2026
12,ZL4363,Port Lincoln,11:00am,Bus,landed,28/06/2026
13,VA219,Melbourne,10:54am,14,landed,28/06/2026
14,VA1388,Brisbane,11:05am,16,landed,28/06/2026
15,QF679,Melbourne,11:06am,22,landed,28/06/2026
16,JQ762,Sydney,11:10am,19,landed,28/06/2026
17,QF1803,Brisbane,11:12am,24,landed,28/06/2026
18,VA712,Perth,11:23am,15,landed,28/06/2026
19,JQ772,Melbourne,11:40am,26,landed,28/06/2026
20,QF735,Sydney,11:50am,20,landed,28/06/2026
21,QF1281,Brisbane,12:30pm,,cancelled,28/06/2026
22,QF1815,Brisbane,12:31pm,21,landed,28/06/2026
23,QF1817,Alice Springs,12:40pm,23,landed,28/06/2026
24,QF2584,Port Lincoln,12:30pm,,landed,28/06/2026
25,JQ963,Cairns,12:50pm,15,landed,28/06/2026
26,JQ499,Gold Coast,1:09pm,25,landed,28/06/2026
27,QF884,Perth,1:17pm,22,landed,28/06/2026
28,ZL4367,Port Lincoln,1:15pm,Bus,landed,28/06/2026
29,QF683,Melbourne,1:21pm,20,landed,28/06/2026
30,QF737,Sydney,1:40pm,24,landed,28/06/2026
31,VA227,Melbourne,1:45pm,14,landed,28/06/2026
32,VA418,Sydney,1:55pm,16,landed,28/06/2026
33,QF2574,Whyalla,2:05pm,,landed,28/06/2026
34,ZL4825,Broken Hill,3:20pm,Bus,landed,28/06/2026
35,QF2551,Canberra,3:29pm,,landed,28/06/2026
36,QF2586,Port Lincoln,3:20pm,,landed,28/06/2026
37,QF1797,Canberra,3:30pm,24,landed,28/06/2026
38,QF1909,Newcastle,3:40pm,21,landed,28/06/2026
39,QF687,Melbourne,3:34pm,23,landed,28/06/2026
40,VA231,Melbourne,3:55pm,14,landed,28/06/2026
41,JQ680,Hobart,3:51pm,26,landed,28/06/2026
42,VA424,Sydney,4:20pm,15,landed,28/06/2026
43,QF739,Sydney,4:21pm,22,landed,28/06/2026
44,VA1448,Gold Coast,4:40pm,13,landed,28/06/2026
45,JQ764,Sydney,4:35pm,25,landed,28/06/2026
46,QF1807,Brisbane,5:00pm,24,landed,28/06/2026
47,VA233,Melbourne,4:53pm,16,landed,28/06/2026
48,JQ778,Melbourne,5:02pm,26,landed,28/06/2026
49,ZL4135,Ceduna,5:30pm,Bus,landed,28/06/2026
50,VA718,Perth,5:30pm,14,landed,28/06/2026
51,QF691,Melbourne,5:37pm,21,landed,28/06/2026
52,QF886,Perth,6:24pm,22,landed,28/06/2026
53,VA1398,Brisbane,5:45pm,15,landed,28/06/2026
54,ZL4389,Port Lincoln,6:10pm,Bus,landed,28/06/2026
55,VA237,Melbourne,6:10pm,13,landed,28/06/2026
56,QF2576,Whyalla,6:03pm,,landed,28/06/2026
57,ZL4632,Mount Gambier,6:20pm,Bus,landed,28/06/2026
58,QF2563,Kingscote,5:58pm,,landed,28/06/2026
59,QF741,Sydney,6:07pm,23,landed,28/06/2026
60,VA428,Sydney,6:30pm,12,landed,28/06/2026
61,QF693,Melbourne,6:54pm,25,landed,28/06/2026
62,QQ3241,Olympic Dam,7:00pm,,landed,28/06/2026
63,QF743,Sydney,6:55pm,21,landed,28/06/2026
64,VA241,Melbourne,7:40pm,15,landed,28/06/2026
65,VA434,Sydney,7:25pm,14,landed,28/06/2026
66,QF1285,Brisbane,7:37pm,26,landed,28/06/2026
67,QF1905,Darwin,7:07pm,24,landed,28/06/2026
68,JQ621,Avalon,7:25pm,22,landed,28/06/2026
69,QF697,Melbourne,7:52pm,23,landed,28/06/2026
70,JQ497,Gold Coast,8:15pm,25,landed,28/06/2026
71,ZL4397,Port Lincoln,8:20pm,Bus,landed,28/06/2026
72,QF1799,Canberra,8:33pm,16,landed,28/06/2026
73,VA442,Sydney,8:55pm,15,landed,28/06/2026
74,JQ780,Melbourne,9:05pm,26,landed,28/06/2026
75,VA247,Melbourne,9:10pm,14,landed,28/06/2026
76,QF1811,Brisbane,9:07pm,24,landed,28/06/2026
77,VA579,Canberra,9:15pm,13,landed,28/06/2026
78,QF888,Perth,9:08pm,22,landed,28/06/2026
79,JQ782,Melbourne,9:44pm,16,landed,28/06/2026
80,JQ768,Sydney,10:15pm,26,landed,28/06/2026
81,VA1404,Brisbane,10:20pm,15,landed,28/06/2026
82,VA722,Perth,10:15pm,12,landed,28/06/2026
83,JQ689,Darwin,10:10pm,19,landed,28/06/2026
84,QF749,Sydney,10:43pm,20,landed,28/06/2026
0,VA203,Melbourne,7:26am,14,landed,29/06/2026
1,QF671,Melbourne,7:04am,23,landed,29/06/2026
2,QF2580,Port Lincoln,7:06am,50,landed,29/06/2026
3,ZL4351,Port Lincoln,7:50am,Bus,landed,29/06/2026
4,JQ776,Melbourne,7:55am,25,landed,29/06/2026
5,QF731,Sydney,7:53am,22,landed,29/06/2026
6,ZL4612,Mount Gambier,8:05am,Bus,landed,29/06/2026
7,VA211,Melbourne,8:05am,12,landed,29/06/2026
8,JQ760,Sydney,8:07am,21,landed,29/06/2026
9,VA1384,Brisbane,8:45am,13,landed,29/06/2026
10,QF1801,Brisbane,8:53am,24,landed,29/06/2026
11,VA404,Sydney,8:50am,14,landed,29/06/2026
12,QF2572,Whyalla,8:40am,,landed,29/06/2026
13,QQ3101,Olympic Dam,9:00am,23,landed,29/06/2026
14,QF2551,Canberra,9:15am,,landed,29/06/2026
15,JQ800,Brisbane,9:25am,25,landed,29/06/2026
16,QF675,Melbourne,9:40am,22,landed,29/06/2026
17,QF1993,Sydney,9:45am,15,landed,29/06/2026
18,QF1907,Darwin,9:33am,19,landed,29/06/2026
19,QF882,Perth,9:45am,20,landed,29/06/2026
20,QF2582,Port Lincoln,9:55am,50,landed,29/06/2026
21,VA217,Melbourne,10:05am,14,landed,29/06/2026
22,ZL4357,Port Lincoln,10:20am,Bus,landed,29/06/2026
23,JQ857,Perth,10:35am,21,landed,29/06/2026
24,ZL4125,Ceduna,10:25am,Bus,landed,29/06/2026
25,QF1795,Canberra,10:25am,23,landed,29/06/2026
26,NC233,Prominent Hill,10:30am,,landed,29/06/2026
27,JQ774,Melbourne,10:45am,25,landed,29/06/2026
28,QQ3109,Olympic Dam,10:55am,,landed,29/06/2026
29,VA412,Sydney,11:05am,13,landed,29/06/2026
30,QF733,Sydney,11:12am,22,landed,29/06/2026
31,VA219,Melbourne,11:15am,14,landed,29/06/2026
32,VA1388,Brisbane,11:15am,12,landed,29/06/2026
33,QF679,Melbourne,11:25am,20,landed,29/06/2026
34,QF1803,Brisbane,11:35am,19,landed,29/06/2026
35,JQ762,Sydney,11:40am,26,landed,29/06/2026
36,QF2561,Kingscote,11:20am,50,landed,29/06/2026
37,ZL4618,Mount Gambier,11:25am,Bus,landed,29/06/2026
38,VA712,Perth,11:25am,16,landed,29/06/2026
39,JQ772,Melbourne,11:35am,25,landed,29/06/2026
40,VA414,Sydney,11:50am,17,cancelled,29/06/2026
41,QF735,Sydney,11:45am,24,landed,29/06/2026
42,QF1805,Brisbane,12:40pm,22,landed,29/06/2026
43,QF1817,Alice Springs,12:40pm,16,landed,29/06/2026
44,JQ963,Cairns,1:06pm,25,landed,29/06/2026
45,QF1909,Newcastle,1:10pm,24,landed,29/06/2026
46,JQ499,Gold Coast,1:14pm,21,landed,29/06/2026
47,QF884,Perth,1:23pm,20,landed,29/06/2026
48,QQ8627,Moomba,1:30pm,,landed,29/06/2026
49,QF683,Melbourne,1:45pm,23,landed,29/06/2026
50,VA227,Melbourne,1:55pm,15,landed,29/06/2026
51,ZL4823,Broken Hill,2:15pm,Bus,landed,29/06/2026
52,VA418,Sydney,1:50pm,14,landed,29/06/2026
53,JQ859,Perth,2:13pm,25,landed,29/06/2026
54,ZL4487,Coober Pedy,3:00pm,Bus,landed,29/06/2026
55,ZL4377,Port Lincoln,3:10pm,Bus,landed,29/06/2026
56,QF2586,Port Lincoln,3:09pm,50,landed,29/06/2026
57,QF1797,Canberra,3:15pm,23,landed,29/06/2026
58,VA231,Melbourne,3:35pm,12,landed,29/06/2026
59,QF687,Melbourne,3:44pm,22,landed,29/06/2026
60,JQ680,Hobart,3:45pm,25,landed,29/06/2026
61,QF739,Sydney,4:17pm,24,landed,29/06/2026
62,QF1911,Darwin,4:24pm,20,landed,29/06/2026
63,VA1448,Gold Coast,4:35pm,13,landed,29/06/2026
64,VA1746,Alice Springs,5:00pm,14,landed,29/06/2026
65,JQ764,Sydney,4:50pm,26,landed,29/06/2026
66,QF1283,Brisbane,5:11pm,22,landed,29/06/2026
67,VA233,Melbourne,5:20pm,12,landed,29/06/2026
68,JQ778,Melbourne,5:20pm,25,landed,29/06/2026
69,VA718,Perth,5:50pm,13,landed,29/06/2026
70,QF691,Melbourne,5:51pm,21,landed,29/06/2026
71,NC217,Port Augusta,5:55pm,,landed,29/06/2026
72,QQ3137,Olympic Dam,6:00pm,20,landed,29/06/2026
73,QF886,Perth,5:58pm,23,landed,29/06/2026
74,NC783,Carrapateena,6:05pm,,unknown,29/06/2026
75,VA237,Melbourne,6:10pm,16,landed,29/06/2026
76,VA1398,Brisbane,6:10pm,15,landed,29/06/2026
77,ZL4389,Port Lincoln,6:40pm,Bus,landed,29/06/2026
78,QF2576,Whyalla,6:08pm,,landed,29/06/2026
79,ZL4632,Mount Gambier,6:35pm,Bus,landed,29/06/2026
80,QF2588,Port Lincoln,6:19pm,,landed,29/06/2026
81,QF741,Sydney,6:24pm,22,landed,29/06/2026
82,QF2563,Kingscote,6:24pm,,landed,29/06/2026
83,VA428,Sydney,6:25pm,12,landed,29/06/2026
84,QF1857,Alice Springs,6:56pm,26,landed,29/06/2026
85,QF693,Melbourne,7:08pm,24,landed,29/06/2026
86,QF743,Sydney,6:49pm,25,landed,29/06/2026
87,VA241,Melbourne,7:15pm,14,landed,29/06/2026
88,VA434,Sydney,7:50pm,16,landed,29/06/2026
89,QF1905,Darwin,7:25pm,23,landed,29/06/2026
90,JQ621,Avalon,7:55pm,26,landed,29/06/2026
91,QF1799,Canberra,8:38pm,21,landed,29/06/2026
92,QQ3149,Olympic Dam,8:40pm,,landed,29/06/2026
93,VA442,Sydney,9:00pm,14,landed,29/06/2026
94,JQ804,Brisbane,9:08pm,26,landed,29/06/2026
95,JQ780,Melbourne,9:05pm,22,landed,29/06/2026
96,VA247,Melbourne,9:35pm,15,landed,29/06/2026
97,QF1811,Brisbane,9:13pm,16,landed,29/06/2026
98,VA579,Canberra,9:15pm,13,landed,29/06/2026
99,QF888,Perth,9:25pm,23,landed,29/06/2026
100,QQ3151,Olympic Dam,9:45pm,,landed,29/06/2026
101,JQ782,Melbourne,9:52pm,21,landed,29/06/2026
102,JQ768,Sydney,10:15pm,22,landed,29/06/2026
103,VA1404,Brisbane,10:20pm,14,landed,29/06/2026
104,JQ689,Darwin,11:25pm,18,landed,29/06/2026
105,QF749,Sydney,10:23pm,19,landed,29/06/2026
0,QF7416,Brisbane,4:57am,,landed,30/06/2026
1,QF671,Melbourne,6:59am,26,landed,30/06/2026
2,QF2580,Port Lincoln,7:15am,,landed,30/06/2026
3,ZL4351,Port Lincoln,7:50am,Bus,landed,30/06/2026
4,JQ776,Melbourne,8:10am,25,landed,30/06/2026
5,ZL4612,Mount Gambier,8:05am,Bus,landed,30/06/2026
6,QF731,Sydney,8:09am,22,landed,30/06/2026
7,VA211,Melbourne,8:20am,13,landed,30/06/2026
8,QF6281,Canberra,8:25am,24,landed,30/06/2026
9,QF1801,Brisbane,8:39am,23,landed,30/06/2026
10,VA404,Sydney,8:52am,14,landed,30/06/2026
11,QF2572,Whyalla,8:57am,,landed,30/06/2026
12,QF2551,Canberra,9:08am,50,landed,30/06/2026
13,JQ800,Brisbane,9:10am,25,landed,30/06/2026
14,QQ3103,Olympic Dam,11:50am,21,landed,30/06/2026
15,QF1993,Sydney,9:40am,,cancelled,30/06/2026
16,QF1907,Darwin,9:45am,23,landed,30/06/2026
17,VA217,Melbourne,9:55am,15,landed,30/06/2026
18,QF2582,Port Lincoln,10:01am,,landed,30/06/2026
19,ZL4357,Port Lincoln,10:20am,Bus,landed,30/06/2026
20,QF1795,Canberra,10:15am,22,landed,30/06/2026
21,JQ774,Melbourne,11:05am,26,landed,30/06/2026
22,QQ3109,Olympic Dam,11:20am,20,landed,30/06/2026
23,NC783,Port Augusta,10:45am,,landed,30/06/2026
24,VA412,Sydney,10:55am,17,cancelled,30/06/2026
25,QF733,Sydney,11:05am,17,cancelled,30/06/2026
26,VA219,Melbourne,11:25am,14,landed,30/06/2026
27,VA1388,Brisbane,10:50am,13,landed,30/06/2026
28,JQ762,Sydney,11:15am,,cancelled,30/06/2026
29,QF1803,Brisbane,11:15am,19,landed,30/06/2026
30,QF679,Melbourne,11:50am,23,landed,30/06/2026
31,ZL4618,Mount Gambier,11:30am,Bus,landed,30/06/2026
32,QF2561,Kingscote,11:32am,,landed,30/06/2026
33,VA712,Perth,11:20am,16,landed,30/06/2026
34,ZL9381,Ceduna,11:35am,Bus,landed,30/06/2026
35,VA414,Sydney,12:55pm,15,landed,30/06/2026
36,NC241,Port Augusta,11:30am,,landed,30/06/2026
37,QF735,Sydney,1:21pm,23,landed,30/06/2026
38,QF1805,Brisbane,12:22pm,25,landed,30/06/2026
39,QF1817,Alice Springs,12:35pm,24,landed,30/06/2026
40,JQ963,Cairns,12:45pm,26,landed,30/06/2026
41,QF1909,Newcastle,1:00pm,20,landed,30/06/2026
42,JQ499,Gold Coast,1:50pm,16,landed,30/06/2026
43,QF884,Perth,1:05pm,22,landed,30/06/2026
44,QF683,Melbourne,1:32pm,19,landed,30/06/2026
45,QF737,Sydney,3:15pm,22,landed,30/06/2026
46,ZL4823,Broken Hill,2:10pm,Bus,landed,30/06/2026
47,QQ3119,Olympic Dam,3:50pm,25,landed,30/06/2026
48,VA418,Sydney,2:45pm,15,landed,30/06/2026
49,NC233,Prominent Hill,2:20pm,,landed,30/06/2026
50,JQ770,Sydney,2:35pm,21,landed,30/06/2026
51,QQ8629,Moomba,4:25pm,,landed,30/06/2026
52,NC743,Carrapateena,3:00pm,,landed,30/06/2026
53,ZL4133,Ceduna,3:30pm,Bus,landed,30/06/2026
54,QF1797,Canberra,3:20pm,24,landed,30/06/2026
55,QF687,Melbourne,3:50pm,23,landed,30/06/2026
56,VA231,Melbourne,4:10pm,14,landed,30/06/2026
57,QF739,Sydney,4:30pm,22,landed,30/06/2026
58,VA1448,Gold Coast,4:45pm,13,landed,30/06/2026
59,JQ764,Sydney,5:00pm,21,landed,30/06/2026
60,JQ111,Denpasar,4:10pm,19,landed,30/06/2026
61,QF1283,Brisbane,5:31pm,23,landed,30/06/2026
62,JQ778,Melbourne,5:32pm,25,landed,30/06/2026
63,NC745,Carrapateena,6:45pm,50,landed,30/06/2026
64,VA718,Perth,6:15pm,13,landed,30/06/2026
65,QF691,Melbourne,5:33pm,22,landed,30/06/2026
66,JQ807,Maroochydore,6:30pm,26,landed,30/06/2026
67,NC785,Port Augusta,5:55pm,,landed,30/06/2026
68,QQ3137,Olympic Dam,7:20pm,,landed,30/06/2026
69,QF886,Perth,5:57pm,24,landed,30/06/2026
70,VA1398,Brisbane,6:05pm,15,landed,30/06/2026
71,ZL4389,Port Lincoln,6:10pm,Bus,landed,30/06/2026
72,VA237,Melbourne,6:35pm,12,landed,30/06/2026
73,QF2576,Whyalla,5:55pm,,landed,30/06/2026
74,ZL4632,Mount Gambier,6:20pm,Bus,landed,30/06/2026
75,QF2588,Port Lincoln,6:19pm,,landed,30/06/2026
76,QF741,Sydney,6:48pm,23,landed,30/06/2026
77,ZL9383,Ceduna,6:00pm,Bus,landed,30/06/2026
78,QQ3141,Olympic Dam,6:40pm,,landed,30/06/2026
79,QF693,Melbourne,7:00pm,21,landed,30/06/2026
80,VA1504,Cairns,6:50pm,14,landed,30/06/2026
81,QF743,Sydney,7:05pm,17,cancelled,30/06/2026
82,VA434,Sydney,7:30pm,13,landed,30/06/2026
83,QF1905,Darwin,7:13pm,24,landed,30/06/2026
84,QF6112,Sydney,8:38pm,22,landed,30/06/2026
85,QF1799,Canberra,8:32pm,25,landed,30/06/2026
86,VA442,Sydney,9:30pm,14,landed,30/06/2026
87,VA247,Melbourne,8:55pm,12,landed,30/06/2026
88,QF1811,Brisbane,9:13pm,16,landed,30/06/2026
89,QF888,Perth,9:14pm,23,landed,30/06/2026
90,QQ3151,Olympic Dam,9:45pm,,landed,30/06/2026
91,JQ782,Melbourne,10:55pm,24,landed,30/06/2026
92,JQ768,Sydney,10:30pm,25,landed,30/06/2026
93,VA1404,Brisbane,9:55pm,15,landed,30/06/2026
94,QF749,Sydney,10:41pm,20,landed,30/06/2026
0,QF671,Melbourne,7:04am,21,landed,1/07/2026
1,QF2580,Port Lincoln,7:12am,,landed,1/07/2026
2,ZL4351,Port Lincoln,7:50am,Bus,landed,1/07/2026
3,JQ776,Melbourne,8:05am,25,landed,1/07/2026
4,VA211,Melbourne,7:55am,14,landed,1/07/2026
5,ZL4612,Mount Gambier,8:05am,Bus,landed,1/07/2026
6,QF731,Sydney,8:12am,19,landed,1/07/2026
7,JQ760,Sydney,8:05am,26,landed,1/07/2026
8,NC233,Prominent Hill,8:20am,50,landed,1/07/2026
9,QF1801,Brisbane,9:24am,23,landed,1/07/2026
10,VA404,Sydney,9:15am,13,landed,1/07/2026
11,NC783,Carrapateena,9:00am,,landed,1/07/2026
12,QF2572,Whyalla,9:30am,,landed,1/07/2026
13,QF2551,Canberra,9:25am,,landed,1/07/2026
14,JQ800,Brisbane,9:10am,21,landed,1/07/2026
15,QF675,Melbourne,9:40am,20,landed,1/07/2026
16,QF1993,Sydney,10:09am,19,landed,1/07/2026
17,QQ3105,Olympic Dam,9:55am,,landed,1/07/2026
18,QF1907,Darwin,9:40am,24,landed,1/07/2026
19,VA217,Melbourne,10:05am,14,landed,1/07/2026
20,QF2582,Port Lincoln,10:25am,,landed,1/07/2026
21,QQ3115,Olympic Dam,10:35am,,landed,1/07/2026
22,ZL4357,Port Lincoln,10:20am,Bus,landed,1/07/2026
23,JQ857,Perth,10:30am,21,landed,1/07/2026
24,QF1795,Canberra,10:45am,23,landed,1/07/2026
25,JQ774,Melbourne,10:43am,25,landed,1/07/2026
26,NC780,Port Augusta,1:35pm,50,landed,1/07/2026
27,VA412,Sydney,11:20am,15,landed,1/07/2026
28,VA219,Melbourne,11:05am,14,landed,1/07/2026
29,QF733,Sydney,11:36am,20,landed,1/07/2026
30,VA1388,Brisbane,11:10am,12,landed,1/07/2026
31,JQ762,Sydney,11:33am,16,landed,1/07/2026
32,QF1803,Brisbane,11:37am,21,landed,1/07/2026
33,QF2561,Kingscote,11:54am,50,landed,1/07/2026
34,ZL4618,Mount Gambier,12:00pm,Bus,landed,1/07/2026
35,QF679,Melbourne,11:24am,24,landed,1/07/2026
36,VA712,Perth,11:35am,13,landed,1/07/2026
37,JQ772,Melbourne,11:35am,25,landed,1/07/2026
38,ZL9381,Ceduna,11:35am,Bus,landed,1/07/2026
39,VA414,Sydney,12:18pm,14,landed,1/07/2026
40,QF735,Sydney,12:10pm,22,landed,1/07/2026
41,QF1805,Brisbane,4:45pm,21,landed,1/07/2026
42,QF1817,Alice Springs,12:46pm,23,landed,1/07/2026
43,NC237,Prominent Hill,1:39pm,,landed,1/07/2026
44,JQ963,Cairns,1:20pm,15,landed,1/07/2026
45,JQ499,Gold Coast,1:18pm,26,landed,1/07/2026
46,QF1909,Newcastle,1:34pm,22,landed,1/07/2026
47,QF884,Perth,1:25pm,24,landed,1/07/2026
48,QF683,Melbourne,2:01pm,20,landed,1/07/2026
49,VA418,Sydney,2:15pm,14,landed,1/07/2026
50,ZL4377,Port Lincoln,2:10pm,Bus,landed,1/07/2026
51,QQ8623,Moomba,1:15pm,,landed,1/07/2026
52,JQ770,Sydney,2:15pm,25,landed,1/07/2026
53,ZL4825,Broken Hill,5:40pm,Bus,landed,1/07/2026
54,ZL4487,Coober Pedy,3:50pm,Bus,landed,1/07/2026
55,QF2586,Port Lincoln,3:27pm,50,landed,1/07/2026
56,QF1797,Canberra,3:33pm,19,landed,1/07/2026
57,VA231,Melbourne,3:47pm,15,landed,1/07/2026
58,QF687,Melbourne,3:53pm,20,landed,1/07/2026
59,JQ680,Hobart,4:00pm,24,landed,1/07/2026
60,QF739,Sydney,4:55pm,22,landed,1/07/2026
61,VA1448,Gold Coast,4:45pm,14,landed,1/07/2026
62,VA1746,Alice Springs,5:45pm,13,landed,1/07/2026
63,JQ764,Sydney,4:55pm,26,landed,1/07/2026
64,QF1283,Brisbane,5:15pm,17,cancelled,1/07/2026
65,QQ3161,Olympic Dam,5:15pm,23,landed,1/07/2026
66,JQ778,Melbourne,5:20pm,25,landed,1/07/2026
67,VA718,Perth,5:40pm,15,landed,1/07/2026
68,QF691,Melbourne,5:59pm,21,landed,1/07/2026
69,NC785,Port Augusta,5:27pm,,landed,1/07/2026
70,QQ3137,Olympic Dam,5:43pm,24,landed,1/07/2026
71,QF886,Perth,6:02pm,22,landed,1/07/2026
72,VA1398,Brisbane,6:10pm,12,landed,1/07/2026
73,VA237,Melbourne,6:25pm,14,landed,1/07/2026
74,ZL4389,Port Lincoln,7:25pm,Bus,landed,1/07/2026
75,ZL4135,Ceduna,7:30pm,Bus,landed,1/07/2026
76,QF2576,Whyalla,6:08pm,50,landed,1/07/2026
77,ZL4632,Mount Gambier,8:55pm,Bus,landed,1/07/2026
78,QF2588,Port Lincoln,6:17pm,,landed,1/07/2026
79,QF741,Sydney,6:33pm,20,landed,1/07/2026
80,QF693,Melbourne,7:03pm,23,landed,1/07/2026
81,QF743,Sydney,7:05pm,21,landed,1/07/2026
82,VA434,Sydney,7:40pm,13,landed,1/07/2026
83,QF1905,Darwin,7:35pm,22,landed,1/07/2026
84,JQ621,Avalon,8:11pm,24,landed,1/07/2026
85,NC239,Prominent Hill,8:15pm,50,unknown,1/07/2026
86,QF697,Melbourne,9:27pm,19,landed,1/07/2026
87,JQ497,Gold Coast,8:21pm,25,landed,1/07/2026
88,QF1799,Canberra,8:46pm,20,landed,1/07/2026
89,VA442,Sydney,9:00pm,13,landed,1/07/2026
90,QQ3149,Olympic Dam,9:00pm,,landed,1/07/2026
91,VA247,Melbourne,9:10pm,14,landed,1/07/2026
92,QF1811,Brisbane,9:21pm,23,landed,1/07/2026
93,QF888,Perth,9:13pm,22,landed,1/07/2026
94,JQ782,Melbourne,9:52pm,26,landed,1/07/2026
95,QQ3153,Olympic Dam,9:45pm,,landed,1/07/2026
96,VA1404,Brisbane,10:05pm,15,landed,1/07/2026
97,JQ689,Darwin,10:47pm,18,landed,1/07/2026
98,QF749,Sydney,10:53pm,16,landed,1/07/2026
0,QF671,Melbourne,7:27am,23,landed,2/07/2026
1,QF2580,Port Lincoln,6:58am,,landed,2/07/2026
2,ZL4351,Port Lincoln,7:40am,Bus,landed,2/07/2026
3,JQ776,Melbourne,8:05am,21,landed,2/07/2026
4,ZL4612,Mount Gambier,8:15am,Bus,landed,2/07/2026
5,QF731,Sydney,8:19am,22,landed,2/07/2026
6,VA211,Melbourne,8:20am,14,landed,2/07/2026
7,JQ760,Sydney,8:15am,25,landed,2/07/2026
8,VA1384,Brisbane,8:55am,12,landed,2/07/2026
9,QF1801,Brisbane,9:07am,24,landed,2/07/2026
10,VA404,Sydney,8:55am,17,cancelled,2/07/2026
11,QF2572,Whyalla,8:40am,,landed,2/07/2026
12,NC787,Carrapateena,9:00am,,landed,2/07/2026
13,JQ800,Brisbane,9:05am,21,landed,2/07/2026
14,QF2551,Canberra,9:19am,,landed,2/07/2026
15,QF1993,Sydney,9:52am,14,landed,2/07/2026
16,QF675,Melbourne,10:03am,22,landed,2/07/2026
17,QQ3103,Olympic Dam,9:30am,20,landed,2/07/2026
18,NC233,Prominent Hill,9:35am,,landed,2/07/2026
19,QF1907,Darwin,9:36am,13,landed,2/07/2026
20,QF882,Perth,9:52am,23,landed,2/07/2026
21,QQ3105,Olympic Dam,10:00am,19,landed,2/07/2026
22,QF2582,Port Lincoln,9:45am,,landed,2/07/2026
23,VA217,Melbourne,10:05am,17,cancelled,2/07/2026
24,JQ961,Cairns,10:05am,25,landed,2/07/2026
25,ZL4357,Port Lincoln,10:20am,Bus,landed,2/07/2026
26,QF1791,Melbourne,11:01am,24,landed,2/07/2026
27,ZL4125,Ceduna,10:25am,Bus,landed,2/07/2026
28,QF1795,Canberra,10:29am,15,landed,2/07/2026
29,JQ774,Melbourne,10:55am,21,landed,2/07/2026
30,VA412,Sydney,11:10am,16,landed,2/07/2026
31,NC243,Port Augusta,11:05am,,landed,2/07/2026
32,QF733,Sydney,11:21am,20,landed,2/07/2026
33,VA219,Melbourne,11:40am,12,landed,2/07/2026
34,VA1388,Brisbane,11:10am,13,landed,2/07/2026
35,JQ762,Sydney,11:25am,25,landed,2/07/2026
36,QF679,Melbourne,11:47am,23,landed,2/07/2026
37,QF1803,Brisbane,12:13pm,14,landed,2/07/2026
38,QF2561,Kingscote,11:23am,,landed,2/07/2026
39,ZL4618,Mount Gambier,12:00pm,Bus,landed,2/07/2026
40,VA712,Perth,11:30am,22,landed,2/07/2026
41,JQ772,Melbourne,11:42am,19,landed,2/07/2026
42,VA414,Sydney,12:05pm,15,landed,2/07/2026
43,QF735,Sydney,12:27pm,21,landed,2/07/2026
44,QF1805,Brisbane,1:10pm,20,landed,2/07/2026
45,QF1817,Alice Springs,12:49pm,23,landed,2/07/2026
46,JQ963,Cairns,1:10pm,19,landed,2/07/2026
47,NC783,Carrapateena,1:00pm,,landed,2/07/2026
48,JQ499,Gold Coast,1:15pm,26,landed,2/07/2026
49,QF1909,Newcastle,1:42pm,24,landed,2/07/2026
50,QF884,Perth,1:27pm,21,landed,2/07/2026
51,ZL4367,Port Lincoln,1:35pm,Bus,landed,2/07/2026
52,QF683,Melbourne,2:10pm,22,landed,2/07/2026
53,QF737,Sydney,2:05pm,20,landed,2/07/2026
54,QQ3119,Olympic Dam,1:30pm,25,landed,2/07/2026
55,VA227,Melbourne,2:15pm,14,landed,2/07/2026
56,ZL4823,Broken Hill,2:20pm,Bus,landed,2/07/2026
57,VA418,Sydney,2:25pm,12,landed,2/07/2026
58,JQ859,Perth,2:30pm,19,landed,2/07/2026
59,QQ8629,Moomba,2:58pm,,landed,2/07/2026
60,ZL4377,Port Lincoln,3:10pm,Bus,landed,2/07/2026
61,QF2586,Port Lincoln,3:25pm,,landed,2/07/2026
62,QF1797,Canberra,4:03pm,21,landed,2/07/2026
63,VA231,Melbourne,3:45pm,14,unknown,2/07/2026
64,QF687,Melbourne,3:53pm,22,landed,2/07/2026
65,QF739,Sydney,4:23pm,20,landed,2/07/2026
66,VA1448,Gold Coast,4:50pm,12,landed,2/07/2026
67,JQ764,Sydney,4:52pm,25,landed,2/07/2026
68,JQ111,Denpasar,4:25pm,19,landed,2/07/2026
69,QF1283,Brisbane,5:13pm,23,landed,2/07/2026
70,VA233,Melbourne,5:15pm,14,landed,2/07/2026
71,NC239,Prominent Hill,5:15pm,,landed,2/07/2026
72,JQ778,Melbourne,5:50pm,21,landed,2/07/2026
73,QF886,Perth,6:03pm,24,landed,2/07/2026
74,ZL4135,Ceduna,6:05pm,Bus,landed,2/07/2026
75,VA718,Perth,5:40pm,15,landed,2/07/2026
76,QF691,Melbourne,6:22pm,22,landed,2/07/2026
77,JQ807,Maroochydore,6:10pm,26,landed,2/07/2026
78,NC245,Port Augusta,5:55pm,,landed,2/07/2026
79,NC785,Carrapateena,6:05pm,,landed,2/07/2026
80,VA1398,Brisbane,6:05pm,12,landed,2/07/2026
81,ZL4389,Port Lincoln,6:10pm,Bus,landed,2/07/2026
82,VA237,Melbourne,6:35pm,14,landed,2/07/2026
83,QF2576,Whyalla,5:59pm,,landed,2/07/2026
84,ZL4632,Mount Gambier,6:20pm,Bus,landed,2/07/2026
85,VA428,Sydney,6:30pm,13,landed,2/07/2026
86,QF741,Sydney,6:32pm,20,landed,2/07/2026
87,QQ3141,Olympic Dam,6:36pm,,landed,2/07/2026
88,JQ766,Sydney,6:49pm,25,landed,2/07/2026
89,QF1857,Alice Springs,7:05pm,22,landed,2/07/2026
90,QF693,Melbourne,7:35pm,20,landed,2/07/2026
91,VA1504,Cairns,6:55pm,21,landed,2/07/2026
92,QF743,Sydney,7:22pm,23,landed,2/07/2026
93,QQ3143,Olympic Dam,7:05pm,,landed,2/07/2026
94,VA434,Sydney,7:30pm,12,landed,2/07/2026
95,QF1905,Darwin,7:18pm,24,landed,2/07/2026
96,QF697,Melbourne,8:17pm,19,landed,2/07/2026
97,QF745,Sydney,8:23pm,21,landed,2/07/2026
98,ZL4397,Port Lincoln,9:00pm,Bus,landed,2/07/2026
99,QF1799,Canberra,8:43pm,25,landed,2/07/2026
100,JQ804,Brisbane,8:53pm,24,landed,2/07/2026
101,VA442,Sydney,9:30pm,23,landed,2/07/2026
102,JQ621,Avalon,10:04pm,22,landed,2/07/2026
103,JQ780,Melbourne,9:05pm,26,landed,2/07/2026
104,VA247,Melbourne,9:45pm,12,landed,2/07/2026
105,QF1811,Brisbane,9:18pm,14,landed,2/07/2026
106,VA579,Canberra,9:40pm,13,landed,2/07/2026
107,QF888,Perth,9:26pm,20,landed,2/07/2026
108,JQ782,Melbourne,10:44pm,25,landed,2/07/2026
109,JQ768,Sydney,10:06pm,25,landed,2/07/2026
110,VA1404,Brisbane,10:05pm,14,unknown,2/07/2026
111,VA722,Perth,10:20pm,26,landed,2/07/2026
112,JQ689,Darwin,10:31pm,23,landed,2/07/2026
113,QF749,Sydney,10:43pm,23,landed,2/07/2026
0,VA203,Melbourne,6:55am,13,landed,3/07/2026
1,QF671,Melbourne,6:59am,22,landed,3/07/2026
2,QF2580,Port Lincoln,7:20am,,landed,3/07/2026
3,ZL4351,Port Lincoln,7:50am,Bus,landed,3/07/2026
4,JQ776,Melbourne,8:02am,21,landed,3/07/2026
5,VA211,Melbourne,8:00am,15,landed,3/07/2026
6,QF731,Sydney,8:04am,23,landed,3/07/2026
7,ZL4612,Mount Gambier,8:05am,Bus,landed,3/07/2026
8,JQ760,Sydney,8:17am,25,landed,3/07/2026
9,VA1384,Brisbane,9:15am,14,landed,3/07/2026
10,VA404,Sydney,9:05am,13,landed,3/07/2026
11,QF2572,Whyalla,8:46am,,landed,3/07/2026
12,NC245,Prominent Hill,9:05am,,landed,3/07/2026
13,JQ800,Brisbane,9:10am,26,landed,3/07/2026
14,QF2551,Canberra,9:29am,,landed,3/07/2026
15,QF675,Melbourne,9:20am,21,landed,3/07/2026
16,QF1993,Sydney,9:54am,25,landed,3/07/2026
17,ZL4819,Broken Hill,9:50am,Bus,landed,3/07/2026
18,QF1907,Darwin,9:39am,22,landed,3/07/2026
19,QF882,Perth,10:01am,23,landed,3/07/2026
20,QF2582,Port Lincoln,10:10am,,landed,3/07/2026
21,VA217,Melbourne,10:22am,15,landed,3/07/2026
22,QQ3111,Olympic Dam,10:15am,,landed,3/07/2026
23,ZL4357,Port Lincoln,10:20am,Bus,landed,3/07/2026
24,JQ857,Perth,10:30am,19,landed,3/07/2026
25,NC233,Prominent Hill,10:15am,,landed,3/07/2026
26,QF1795,Canberra,10:27am,24,landed,3/07/2026
27,JQ774,Melbourne,10:43am,26,landed,3/07/2026
28,NC783,Port Augusta,9:45am,,landed,3/07/2026
29,VA412,Sydney,11:20am,14,landed,3/07/2026
30,QF733,Sydney,11:05am,17,cancelled,3/07/2026
31,VA219,Melbourne,11:40am,13,landed,3/07/2026
32,VA1388,Brisbane,11:15am,12,landed,3/07/2026
33,JQ762,Sydney,11:10am,21,landed,3/07/2026
34,QF679,Melbourne,11:23am,20,landed,3/07/2026
35,QF1803,Brisbane,11:27am,22,landed,3/07/2026
36,QF2561,Kingscote,11:09am,,landed,3/07/2026
37,ZL4618,Mount Gambier,11:25am,Bus,landed,3/07/2026
38,JQ772,Melbourne,11:30am,17,cancelled,3/07/2026
39,QQ8623,Moomba,11:30am,,landed,3/07/2026
40,VA712,Perth,11:35am,15,landed,3/07/2026
41,ZL9381,Ceduna,1:30pm,Bus,landed,3/07/2026
42,VA414,Sydney,11:50am,12,landed,3/07/2026
43,QF735,Sydney,12:07pm,25,landed,3/07/2026
44,QF1805,Brisbane,12:43pm,23,landed,3/07/2026
45,QF1817,Alice Springs,12:38pm,20,landed,3/07/2026
46,JQ963,Cairns,12:50pm,26,landed,3/07/2026
47,JQ499,Gold Coast,1:15pm,25,landed,3/07/2026
48,QF1909,Newcastle,1:16pm,21,landed,3/07/2026
49,QF884,Perth,1:26pm,22,landed,3/07/2026
50,JQ802,Brisbane,3:05pm,25,landed,3/07/2026
51,QF683,Melbourne,1:36pm,24,landed,3/07/2026
52,ZL4367,Port Lincoln,1:50pm,Bus,landed,3/07/2026
53,QF737,Sydney,1:51pm,23,landed,3/07/2026
54,VA227,Melbourne,2:05pm,14,landed,3/07/2026
55,VA418,Sydney,1:55pm,17,cancelled,3/07/2026
56,JQ770,Sydney,2:26pm,26,landed,3/07/2026
57,ZL4487,Coober Pedy,3:00pm,Bus,landed,3/07/2026
58,QF2586,Port Lincoln,3:15pm,,landed,3/07/2026
59,QF1797,Canberra,3:23pm,24,landed,3/07/2026
60,QF687,Melbourne,3:42pm,22,landed,3/07/2026
61,VA231,Melbourne,4:00pm,14,landed,3/07/2026
62,JQ680,Hobart,3:45pm,26,landed,3/07/2026
63,QF739,Sydney,4:25pm,17,cancelled,3/07/2026
64,VA1746,Alice Springs,5:05pm,15,landed,3/07/2026
65,VA1448,Gold Coast,5:25pm,13,landed,3/07/2026
66,JQ764,Sydney,4:47pm,25,landed,3/07/2026
67,NC237,Port Augusta,5:10pm,,landed,3/07/2026
68,VA233,Melbourne,5:35pm,12,landed,3/07/2026
69,JQ778,Melbourne,5:35pm,26,landed,3/07/2026
70,ZL4135,Ceduna,5:50pm,Bus,landed,3/07/2026
71,VA718,Perth,5:45pm,14,landed,3/07/2026
72,QF691,Melbourne,5:35pm,22,landed,3/07/2026
73,NC785,Port Augusta,7:15pm,,landed,3/07/2026
74,QF886,Perth,6:24pm,24,landed,3/07/2026
75,QQ3137,Olympic Dam,6:10pm,,landed,3/07/2026
76,VA237,Melbourne,6:17pm,16,landed,3/07/2026
77,VA1398,Brisbane,6:25pm,13,landed,3/07/2026
78,ZL4389,Port Lincoln,7:40pm,Bus,landed,3/07/2026
79,QF2576,Whyalla,5:57pm,50,landed,3/07/2026
80,ZL4632,Mount Gambier,8:00pm,Bus,landed,3/07/2026
81,QF2563,Kingscote,5:59pm,,landed,3/07/2026
82,VA428,Sydney,6:28pm,14,landed,3/07/2026
83,QF741,Sydney,6:43pm,23,landed,3/07/2026
84,ZL9383,Ceduna,7:20pm,Bus,landed,3/07/2026
85,JQ766,Sydney,6:50pm,26,landed,3/07/2026
86,QF693,Melbourne,6:53pm,21,landed,3/07/2026
87,QF743,Sydney,6:55pm,22,landed,3/07/2026
88,VA241,Melbourne,7:05pm,16,landed,3/07/2026
89,QF1809,Brisbane,7:17pm,25,landed,3/07/2026
90,VA434,Sydney,7:25pm,15,landed,3/07/2026
91,QF1905,Darwin,7:30pm,12,landed,3/07/2026
92,JQ621,Avalon,7:44pm,24,landed,3/07/2026
93,QF697,Melbourne,8:14pm,23,landed,3/07/2026
94,QF745,Sydney,8:15pm,22,landed,3/07/2026
95,ZL4397,Port Lincoln,8:20pm,Bus,landed,3/07/2026
96,JQ497,Gold Coast,9:50pm,16,landed,3/07/2026
97,QF1799,Canberra,8:24pm,25,landed,3/07/2026
98,VA442,Sydney,9:40pm,12,landed,3/07/2026
99,VA247,Melbourne,9:35pm,14,landed,3/07/2026
100,JQ780,Melbourne,9:35pm,26,landed,3/07/2026
101,QF1811,Brisbane,9:05pm,21,landed,3/07/2026
102,VA579,Canberra,10:30pm,12,landed,3/07/2026
103,QF888,Perth,9:25pm,23,landed,3/07/2026
104,JQ782,Melbourne,10:01pm,25,landed,3/07/2026
105,JQ768,Sydney,10:15pm,21,landed,3/07/2026
106,VA1404,Brisbane,10:00pm,13,landed,3/07/2026
107,VA722,Perth,10:10pm,15,landed,3/07/2026
108,JQ689,Darwin,10:10pm,18,landed,3/07/2026
109,QF749,Sydney,10:26pm,19,landed,3/07/2026
0,QF671,Melbourne,7:05am,24,landed,4/07/2026
1,QF2580,Port Lincoln,7:11am,,landed,4/07/2026
2,JQ776,Melbourne,8:06am,25,landed,4/07/2026
3,ZL4612,Mount Gambier,8:05am,Bus,landed,4/07/2026
4,VA211,Melbourne,8:05am,13,landed,4/07/2026
5,JQ760,Sydney,8:00am,26,landed,4/07/2026
6,QF1801,Brisbane,8:22am,23,landed,4/07/2026
7,VA404,Sydney,9:08am,12,landed,4/07/2026
8,ZL4353,Port Lincoln,9:00am,Bus,landed,4/07/2026
9,JQ800,Brisbane,8:55am,25,landed,4/07/2026
10,QF675,Melbourne,9:38am,22,landed,4/07/2026
11,QF1993,Sydney,9:44am,24,landed,4/07/2026
12,NC743,Port Augusta,12:10pm,,landed,4/07/2026
13,QF1907,Darwin,9:37am,21,landed,4/07/2026
14,QQ3205,Olympic Dam,10:00am,,landed,4/07/2026
15,VA217,Melbourne,10:10am,12,landed,4/07/2026
16,QF2582,Port Lincoln,10:10am,,landed,4/07/2026
17,JQ961,Cairns,10:00am,26,landed,4/07/2026
18,QF1795,Canberra,10:56am,23,landed,4/07/2026
19,JQ774,Melbourne,10:25am,25,landed,4/07/2026
20,VA412,Sydney,11:00am,14,landed,4/07/2026
21,ZL4363,Port Lincoln,11:00am,Bus,landed,4/07/2026
22,VA219,Melbourne,11:05am,15,landed,4/07/2026
23,QF733,Sydney,11:15am,24,landed,4/07/2026
24,VA1388,Brisbane,11:25am,13,landed,4/07/2026
25,JQ762,Sydney,11:05am,26,landed,4/07/2026
26,QF2561,Kingscote,11:48am,,landed,4/07/2026
27,QF679,Melbourne,11:12am,22,landed,4/07/2026
28,JQ772,Melbourne,11:20am,21,landed,4/07/2026
29,VA712,Perth,11:45am,12,landed,4/07/2026
30,QF1281,Brisbane,12:16pm,23,landed,4/07/2026
31,QF1817,Alice Springs,3:49pm,25,landed,4/07/2026
32,JQ963,Cairns,1:50pm,26,landed,4/07/2026
33,JQ499,Gold Coast,1:05pm,25,landed,4/07/2026
34,JQ859,Perth,1:11pm,21,landed,4/07/2026
35,QF683,Melbourne,1:26pm,22,landed,4/07/2026
36,ZL4367,Port Lincoln,1:35pm,Bus,landed,4/07/2026
37,QF737,Sydney,1:32pm,23,landed,4/07/2026
38,VA227,Melbourne,1:45pm,15,landed,4/07/2026
39,VA418,Sydney,1:45pm,14,landed,4/07/2026
40,QF2586,Port Lincoln,3:20pm,,landed,4/07/2026
41,QF687,Melbourne,3:27pm,22,landed,4/07/2026
42,VA424,Sydney,3:45pm,15,landed,4/07/2026
43,QF739,Sydney,4:10pm,23,landed,4/07/2026
44,VA1448,Gold Coast,4:35pm,14,landed,4/07/2026
45,JQ764,Sydney,4:42pm,26,landed,4/07/2026
46,JQ111,Denpasar,4:21pm,16,landed,4/07/2026
47,QF1807,Brisbane,4:40pm,24,landed,4/07/2026
48,VA233,Melbourne,5:10pm,13,landed,4/07/2026
49,JQ778,Melbourne,5:45pm,21,landed,4/07/2026
50,VA718,Perth,5:45pm,15,landed,4/07/2026
51,JQ807,Maroochydore,6:07pm,25,landed,4/07/2026
52,VA1398,Brisbane,5:40pm,12,landed,4/07/2026
53,NC745,Port Augusta,6:10pm,50,landed,4/07/2026
54,QF741,Sydney,6:07pm,22,landed,4/07/2026
55,JQ766,Sydney,6:44pm,26,landed,4/07/2026
56,QF693,Melbourne,6:40pm,24,landed,4/07/2026
57,VA1504,Cairns,6:50pm,15,landed,4/07/2026
58,VA241,Melbourne,7:29pm,16,landed,4/07/2026
59,QF1809,Brisbane,7:05pm,21,landed,4/07/2026
60,VA434,Sydney,7:25pm,13,landed,4/07/2026
61,QF1905,Darwin,7:10pm,23,landed,4/07/2026
62,JQ804,Brisbane,8:35pm,21,landed,4/07/2026
63,QF888,Perth,9:26pm,23,landed,4/07/2026
64,JQ782,Melbourne,9:50pm,16,landed,4/07/2026
65,JQ768,Sydney,9:45pm,26,landed,4/07/2026
66,VA1404,Brisbane,9:35pm,14,landed,4/07/2026
67,JQ689,Darwin,10:15pm,18,landed,4/07/2026
68,QF749,Sydney,10:17pm,19,landed,4/07/2026
0,QF671,Melbourne,6:59am,14,landed,5/07/2026
1,JQ776,Melbourne,8:07am,25,landed,5/07/2026
2,VA211,Melbourne,8:05am,13,landed,5/07/2026
3,JQ760,Sydney,8:05am,26,landed,5/07/2026
4,VA404,Sydney,8:35am,12,landed,5/07/2026
5,JQ800,Brisbane,9:20am,26,landed,5/07/2026
6,QF1907,Darwin,10:45am,22,landed,5/07/2026
7,QF2582,Port Lincoln,9:45am,,landed,5/07/2026
8,VA217,Melbourne,10:00am,13,landed,5/07/2026
9,JQ961,Cairns,10:20am,25,landed,5/07/2026
10,JQ857,Perth,10:40am,21,landed,5/07/2026
11,QF1795,Canberra,11:15am,,cancelled,5/07/2026
12,JQ774,Melbourne,10:27am,26,landed,5/07/2026
13,VA412,Sydney,10:55am,12,landed,5/07/2026
14,ZL4363,Port Lincoln,11:00am,Bus,landed,5/07/2026
15,VA219,Melbourne,11:05am,14,landed,5/07/2026
16,VA1388,Brisbane,10:45am,16,landed,5/07/2026
17,QF1803,Brisbane,10:55am,19,landed,5/07/2026
18,JQ762,Sydney,11:05am,25,landed,5/07/2026
19,VA712,Perth,11:15am,13,landed,5/07/2026
20,JQ772,Melbourne,11:23am,23,landed,5/07/2026
21,QF735,Sydney,11:55am,20,landed,5/07/2026
22,QF1281,Brisbane,12:09pm,24,landed,5/07/2026
23,QF1817,Alice Springs,12:40pm,22,landed,5/07/2026
24,QF2584,Port Lincoln,12:30pm,,landed,5/07/2026
25,JQ963,Cairns,12:30pm,25,landed,5/07/2026
26,JQ499,Gold Coast,1:45pm,26,landed,5/07/2026
27,QF884,Perth,1:17pm,20,landed,5/07/2026
28,JQ802,Brisbane,1:20pm,21,landed,5/07/2026
29,QF683,Melbourne,1:25pm,24,landed,5/07/2026
30,ZL4367,Port Lincoln,1:35pm,Bus,landed,5/07/2026
31,QF737,Sydney,1:25pm,23,landed,5/07/2026
32,VA227,Melbourne,1:31pm,14,early,5/07/2026
33,VA418,Sydney,1:40pm,15,landed,5/07/2026
34,QF2574,Whyalla,2:15pm,,cancelled,5/07/2026
35,JQ770,Sydney,2:30pm,25,landed,5/07/2026
36,ZL4825,Broken Hill,2:50pm,Bus,landed,5/07/2026
37,ZL4377,Port Lincoln,3:10pm,Bus,landed,5/07/2026
38,QF2551,Canberra,4:10pm,,landed,5/07/2026
39,QF2586,Port Lincoln,3:15pm,50,landed,5/07/2026
40,QF1797,Canberra,5:35pm,25,landed,5/07/2026
41,QF1909,Newcastle,3:20pm,21,landed,5/07/2026
42,VA231,Melbourne,3:55pm,14,landed,5/07/2026
43,JQ680,Hobart,3:45pm,26,landed,5/07/2026
44,VA424,Sydney,3:50pm,15,landed,5/07/2026
45,QF739,Sydney,4:15pm,23,landed,5/07/2026
46,VA1448,Gold Coast,4:32pm,12,landed,5/07/2026
47,JQ764,Sydney,4:30pm,25,landed,5/07/2026
48,QF1807,Brisbane,4:30pm,24,landed,5/07/2026
49,VA233,Melbourne,4:55pm,14,landed,5/07/2026
50,QF6281,Canberra,4:46pm,,landed,5/07/2026
51,JQ778,Melbourne,5:16pm,26,landed,5/07/2026
52,ZL4135,Ceduna,5:30pm,Bus,landed,5/07/2026
53,VA718,Perth,5:35pm,16,landed,5/07/2026
54,QF691,Melbourne,5:30pm,21,landed,5/07/2026
55,VA1398,Brisbane,5:45pm,15,landed,5/07/2026
56,VA237,Melbourne,6:00pm,13,landed,5/07/2026
57,QF886,Perth,5:51pm,23,landed,5/07/2026
58,VA428,Sydney,6:05pm,12,landed,5/07/2026
59,ZL4389,Port Lincoln,6:10pm,Bus,landed,5/07/2026
60,QF2576,Whyalla,5:57pm,,landed,5/07/2026
61,ZL4632,Mount Gambier,6:20pm,Bus,landed,5/07/2026
62,QF741,Sydney,6:08pm,24,landed,5/07/2026
63,QF2563,Kingscote,6:30pm,50,landed,5/07/2026
64,JQ766,Sydney,7:25pm,26,landed,5/07/2026
65,QF693,Melbourne,6:47pm,21,landed,5/07/2026
66,QQ3241,Olympic Dam,7:00pm,,landed,5/07/2026
67,QF743,Sydney,7:52pm,25,landed,5/07/2026
68,VA241,Melbourne,7:10pm,14,landed,5/07/2026
69,QF1285,Brisbane,7:14pm,22,landed,5/07/2026
70,VA434,Sydney,7:20pm,13,landed,5/07/2026
71,QF1905,Darwin,7:20pm,23,landed,5/07/2026
72,JQ621,Avalon,7:35pm,24,landed,5/07/2026
73,QF697,Melbourne,7:47pm,21,landed,5/07/2026
74,ZL4397,Port Lincoln,8:20pm,Bus,landed,5/07/2026
75,JQ497,Gold Coast,8:25pm,16,landed,5/07/2026
76,QF1799,Canberra,8:15pm,22,landed,5/07/2026
77,VA442,Sydney,8:50pm,15,landed,5/07/2026
78,JQ780,Melbourne,9:05pm,25,landed,5/07/2026
79,VA247,Melbourne,9:05pm,14,landed,5/07/2026
80,QF1811,Brisbane,8:56pm,24,landed,5/07/2026
81,VA579,Canberra,9:15pm,12,landed,5/07/2026
82,QF888,Perth,9:20pm,23,landed,5/07/2026
83,JQ782,Melbourne,10:01pm,26,landed,5/07/2026
84,JQ768,Sydney,10:06pm,25,landed,5/07/2026
85,VA1404,Brisbane,10:00pm,15,landed,5/07/2026
86,VA722,Perth,10:20pm,13,landed,5/07/2026
87,JQ689,Darwin,10:40pm,18,landed,5/07/2026
88,QF749,Sydney,10:25pm,19,landed,5/07/2026
0,VA203,Melbourne,6:50am,14,landed,6/07/2026
1,QF671,Melbourne,7:02am,21,landed,6/07/2026
2,QF2580,Port Lincoln,7:05am,,landed,6/07/2026
3,ZL4351,Port Lincoln,7:50am,Bus,landed,6/07/2026
4,JQ776,Melbourne,8:20am,26,landed,6/07/2026
5,QF731,Sydney,7:47am,20,landed,6/07/2026
6,VA211,Melbourne,8:10am,12,landed,6/07/2026
7,ZL4612,Mount Gambier,8:15am,Bus,landed,6/07/2026
8,JQ760,Sydney,8:05am,25,landed,6/07/2026
9,VA1384,Brisbane,8:20am,13,landed,6/07/2026
10,QF1801,Brisbane,8:34am,24,landed,6/07/2026
11,VA404,Sydney,8:40am,14,landed,6/07/2026
12,QF2572,Whyalla,8:35am,,landed,6/07/2026
13,QQ3101,Olympic Dam,9:00am,,landed,6/07/2026
14,QF2551,Canberra,9:10am,,landed,6/07/2026
15,JQ800,Brisbane,9:10am,21,landed,6/07/2026
16,QF675,Melbourne,9:22am,23,landed,6/07/2026
17,QF1993,Sydney,9:49am,12,landed,6/07/2026
18,QF1907,Darwin,9:41am,20,landed,6/07/2026
19,QF882,Perth,9:43am,24,landed,6/07/2026
20,QF2582,Port Lincoln,9:58am,,landed,6/07/2026
21,VA217,Melbourne,10:20am,13,landed,6/07/2026
22,ZL4357,Port Lincoln,10:20am,Bus,landed,6/07/2026
23,JQ857,Perth,10:28am,25,landed,6/07/2026
24,ZL4125,Ceduna,10:25am,Bus,landed,6/07/2026
25,QF1795,Canberra,10:29am,23,landed,6/07/2026
26,NC233,Prominent Hill,3:00pm,,landed,6/07/2026
27,JQ774,Melbourne,10:34am,26,landed,6/07/2026
28,QQ3109,Olympic Dam,10:55am,,landed,6/07/2026
29,VA412,Sydney,11:30am,13,landed,6/07/2026
30,VA219,Melbourne,11:05am,14,landed,6/07/2026
31,QF733,Sydney,11:35am,21,landed,6/07/2026
32,VA1388,Brisbane,11:00am,19,landed,6/07/2026
33,JQ762,Sydney,11:20am,26,landed,6/07/2026
34,QF2561,Kingscote,11:08am,,landed,6/07/2026
35,ZL4618,Mount Gambier,11:25am,Bus,landed,6/07/2026
36,QF679,Melbourne,11:04am,20,landed,6/07/2026
37,JQ772,Melbourne,11:10am,25,landed,6/07/2026
38,VA712,Perth,11:45am,15,landed,6/07/2026
39,QF1803,Brisbane,11:54am,24,landed,6/07/2026
40,VA414,Sydney,12:05pm,12,landed,6/07/2026
41,QF735,Sydney,12:15pm,19,landed,6/07/2026
42,QF1805,Brisbane,12:31pm,23,landed,6/07/2026
43,QF1817,Alice Springs,12:35pm,20,landed,6/07/2026
44,JQ963,Cairns,12:45pm,26,landed,6/07/2026
45,QF1909,Newcastle,1:04pm,15,landed,6/07/2026
46,JQ499,Gold Coast,1:25pm,19,landed,6/07/2026
47,QF884,Perth,1:09pm,21,landed,6/07/2026
48,QQ8627,Moomba,1:30pm,,landed,6/07/2026
49,QF683,Melbourne,1:23pm,25,landed,6/07/2026
50,QF737,Sydney,1:27pm,16,landed,6/07/2026
51,VA227,Melbourne,1:40pm,14,landed,6/07/2026
52,VA418,Sydney,1:45pm,12,landed,6/07/2026
53,JQ859,Perth,2:15pm,26,landed,6/07/2026
54,ZL4825,Broken Hill,2:55pm,Bus,landed,6/07/2026
55,ZL4487,Coober Pedy,3:00pm,Bus,landed,6/07/2026
56,ZL4377,Port Lincoln,3:10pm,Bus,landed,6/07/2026
57,QF2586,Port Lincoln,3:45pm,,landed,6/07/2026
58,VA231,Melbourne,3:35pm,12,landed,6/07/2026
59,QF687,Melbourne,3:36pm,21,landed,6/07/2026
60,JQ680,Hobart,3:55pm,26,landed,6/07/2026
61,QF739,Sydney,4:18pm,20,landed,6/07/2026
62,VA1448,Gold Coast,4:35pm,17,cancelled,6/07/2026
63,VA1746,Alice Springs,5:20pm,13,landed,6/07/2026
64,JQ764,Sydney,4:51pm,25,landed,6/07/2026
65,QF1283,Brisbane,4:49pm,21,landed,6/07/2026
66,NC505,Brisbane,5:20pm,50,landed,6/07/2026
67,VA233,Melbourne,4:55pm,12,landed,6/07/2026
68,JQ778,Melbourne,5:17pm,26,landed,6/07/2026
69,VA718,Perth,6:20pm,14,landed,6/07/2026
70,QF691,Melbourne,5:39pm,23,landed,6/07/2026
71,NC217,Port Augusta,5:55pm,,landed,6/07/2026
72,QQ3137,Olympic Dam,6:00pm,24,landed,6/07/2026
73,QF886,Perth,5:57pm,20,landed,6/07/2026
74,NC783,Carrapateena,6:05pm,,landed,6/07/2026
75,VA1398,Brisbane,5:55pm,16,landed,6/07/2026
76,ZL4389,Port Lincoln,6:10pm,Bus,landed,6/07/2026
77,VA237,Melbourne,6:30pm,15,landed,6/07/2026
78,QF2576,Whyalla,6:12pm,50,landed,6/07/2026
79,ZL4632,Mount Gambier,6:20pm,Bus,landed,6/07/2026
80,QF2563,Kingscote,5:56pm,,landed,6/07/2026
81,QF741,Sydney,6:17pm,25,landed,6/07/2026
82,VA428,Sydney,6:35pm,13,landed,6/07/2026
83,QF2588,Port Lincoln,7:03pm,50,landed,6/07/2026
84,JQ766,Sydney,7:00pm,26,landed,6/07/2026
85,QF693,Melbourne,6:44pm,21,landed,6/07/2026
86,QF1857,Alice Springs,6:59pm,24,landed,6/07/2026
87,QF743,Sydney,6:49pm,23,landed,6/07/2026
88,VA241,Melbourne,7:00pm,14,landed,6/07/2026
89,QF1809,Brisbane,7:28pm,16,landed,6/07/2026
90,VA434,Sydney,8:25pm,12,landed,6/07/2026
91,QF1905,Darwin,7:15pm,15,landed,6/07/2026
92,JQ621,Avalon,8:00pm,25,landed,6/07/2026
93,JQ804,Brisbane,9:05pm,25,landed,6/07/2026
94,QF1799,Canberra,8:17pm,26,landed,6/07/2026
95,QQ3149,Olympic Dam,9:00pm,,landed,6/07/2026
96,VA442,Sydney,9:00pm,15,landed,6/07/2026
97,JQ780,Melbourne,9:00pm,23,landed,6/07/2026
98,VA247,Melbourne,9:05pm,13,landed,6/07/2026
99,QF1811,Brisbane,8:53pm,16,landed,6/07/2026
100,VA579,Canberra,9:05pm,14,landed,6/07/2026
101,QF888,Perth,9:32pm,24,landed,6/07/2026
102,QQ3151,Olympic Dam,9:45pm,,landed,6/07/2026
103,JQ782,Melbourne,9:48pm,26,landed,6/07/2026
104,JQ768,Sydney,10:14pm,25,landed,6/07/2026
105,VA1404,Brisbane,9:45pm,15,landed,6/07/2026
106,JQ689,Darwin,10:35pm,18,landed,6/07/2026
107,QF749,Sydney,10:27pm,20,landed,6/07/2026
0,QF671,Melbourne,6:51am,23,landed,7/07/2026
1,QF2580,Port Lincoln,7:05am,,landed,7/07/2026
2,ZL4351,Port Lincoln,7:50am,Bus,landed,7/07/2026
3,JQ776,Melbourne,8:23am,26,landed,7/07/2026
4,QF731,Sydney,7:58am,21,landed,7/07/2026
5,VA211,Melbourne,8:22am,13,landed,7/07/2026
6,ZL4612,Mount Gambier,9:50am,Bus,landed,7/07/2026
7,JQ760,Sydney,8:00am,25,landed,7/07/2026
8,VA1384,Brisbane,8:12am,14,landed,7/07/2026
9,QF1801,Brisbane,8:31am,24,landed,7/07/2026
10,VA404,Sydney,8:55am,12,landed,7/07/2026
11,QF2572,Whyalla,8:35am,,landed,7/07/2026
12,QF2551,Canberra,9:19am,,landed,7/07/2026
13,JQ800,Brisbane,9:06am,25,landed,7/07/2026
14,QF675,Melbourne,9:35am,21,landed,7/07/2026
15,QQ3103,Olympic Dam,9:17am,15,landed,7/07/2026
16,QF1993,Sydney,9:51am,20,landed,7/07/2026
17,QF1907,Darwin,9:20am,23,landed,7/07/2026
18,QF2582,Port Lincoln,9:51am,50,landed,7/07/2026
19,VA217,Melbourne,10:30am,14,landed,7/07/2026
20,JQ961,Cairns,10:20am,25,landed,7/07/2026
21,ZL4357,Port Lincoln,10:20am,Bus,landed,7/07/2026
22,JQ774,Melbourne,11:15am,25,landed,7/07/2026
23,QQ3109,Olympic Dam,10:40am,12,landed,7/07/2026
24,NC783,Port Augusta,12:30pm,50,landed,7/07/2026
25,VA412,Sydney,10:55am,16,landed,7/07/2026
26,QF733,Sydney,11:03am,23,landed,7/07/2026
27,VA219,Melbourne,11:20am,15,landed,7/07/2026
28,VA1388,Brisbane,11:00am,13,landed,7/07/2026
29,JQ762,Sydney,11:20am,26,landed,7/07/2026
30,QF2561,Kingscote,11:09am,50,landed,7/07/2026
31,ZL4618,Mount Gambier,12:45pm,Bus,landed,7/07/2026
32,QF679,Melbourne,11:25am,21,landed,7/07/2026
33,VA712,Perth,11:30am,14,landed,7/07/2026
34,JQ772,Melbourne,1:05pm,26,landed,7/07/2026
35,ZL9381,Ceduna,10:20am,Bus,landed,7/07/2026
36,VA414,Sydney,11:50am,25,landed,7/07/2026
37,QF735,Sydney,11:54am,23,landed,7/07/2026
38,NC241,Port Augusta,11:55am,,landed,7/07/2026
39,QF1803,Brisbane,11:10am,26,landed,7/07/2026
40,QF1805,Brisbane,12:30pm,21,landed,7/07/2026
41,QF1817,Alice Springs,12:30pm,20,landed,7/07/2026
42,JQ963,Cairns,12:50pm,25,landed,7/07/2026
43,QF1909,Newcastle,1:35pm,14,landed,7/07/2026
44,JQ499,Gold Coast,1:40pm,21,landed,7/07/2026
45,QF884,Perth,1:38pm,23,landed,7/07/2026
46,QF683,Melbourne,1:24pm,24,landed,7/07/2026
47,QF737,Sydney,1:33pm,20,landed,7/07/2026
48,ZL4823,Broken Hill,1:45pm,Bus,landed,7/07/2026
49,QQ3119,Olympic Dam,1:45pm,12,landed,7/07/2026
50,VA227,Melbourne,3:20pm,13,landed,7/07/2026
51,VA418,Sydney,2:00pm,15,landed,7/07/2026
52,JQ770,Sydney,3:00pm,21,landed,7/07/2026
53,NC233,Prominent Hill,4:34pm,50,landed,7/07/2026
54,JQ859,Perth,2:10pm,25,landed,7/07/2026
55,QQ8629,Moomba,2:30pm,,landed,7/07/2026
56,ZL4133,Ceduna,3:30pm,Bus,landed,7/07/2026
57,QF687,Melbourne,3:29pm,23,landed,7/07/2026
58,QF2549,Canberra,3:43pm,,landed,7/07/2026
59,VA231,Melbourne,3:50pm,15,landed,7/07/2026
60,QF739,Sydney,4:06pm,21,landed,7/07/2026
61,VA1448,Gold Coast,5:20pm,13,landed,7/07/2026
62,JQ764,Sydney,4:40pm,,cancelled,7/07/2026
63,JQ111,Denpasar,4:30pm,16,landed,7/07/2026
64,QF1283,Brisbane,5:04pm,23,landed,7/07/2026
65,JQ778,Melbourne,5:10pm,25,landed,7/07/2026
66,VA718,Perth,5:49pm,15,landed,7/07/2026
67,QF691,Melbourne,5:35pm,21,landed,7/07/2026
68,JQ807,Maroochydore,6:50pm,26,landed,7/07/2026
69,NC785,Port Augusta,5:25pm,50,landed,7/07/2026
70,QQ3137,Olympic Dam,6:00pm,23,landed,7/07/2026
71,QF886,Perth,6:15pm,19,landed,7/07/2026
72,VA1398,Brisbane,6:05pm,14,landed,7/07/2026
73,ZL4389,Port Lincoln,6:10pm,Bus,landed,7/07/2026
74,VA237,Melbourne,6:50pm,13,landed,7/07/2026
75,QF2576,Whyalla,5:59pm,50,landed,7/07/2026
76,ZL4632,Mount Gambier,6:20pm,Bus,landed,7/07/2026
77,QF2588,Port Lincoln,6:13pm,,landed,7/07/2026
78,QF741,Sydney,6:20pm,20,landed,7/07/2026
79,ZL9383,Ceduna,6:40pm,Bus,landed,7/07/2026
80,QQ3141,Olympic Dam,6:40pm,50,landed,7/07/2026
81,JQ766,Sydney,7:30pm,25,landed,7/07/2026
82,QF693,Melbourne,6:51pm,21,landed,7/07/2026
83,VA1504,Cairns,6:55pm,15,landed,7/07/2026
84,QF743,Sydney,7:03pm,23,landed,7/07/2026
85,VA434,Sydney,7:20pm,12,landed,7/07/2026
86,QF1905,Darwin,7:02pm,24,landed,7/07/2026
87,QF1799,Canberra,8:19pm,15,landed,7/07/2026
88,JQ621,Avalon,9:05pm,26,landed,7/07/2026
89,JQ804,Brisbane,9:21pm,25,landed,7/07/2026
90,VA442,Sydney,9:40pm,14,landed,7/07/2026
91,VA247,Melbourne,8:50pm,13,landed,7/07/2026
92,JQ780,Melbourne,9:55pm,24,landed,7/07/2026
93,QF1811,Brisbane,9:15pm,16,landed,7/07/2026
94,QF888,Perth,9:26pm,21,landed,7/07/2026
95,QQ3151,Olympic Dam,9:45pm,,landed,7/07/2026
96,JQ782,Melbourne,10:50pm,24,landed,7/07/2026
97,JQ768,Sydney,9:35pm,26,landed,7/07/2026
98,VA1404,Brisbane,9:50pm,15,landed,7/07/2026
99,JQ689,Darwin,10:25pm,18,landed,7/07/2026
100,QF749,Sydney,10:13pm,19,landed,7/07/2026
0,QF671,Melbourne,6:47am,21,landed,8/07/2026
1,QF2580,Port Lincoln,7:59am,,landed,8/07/2026
2,ZL4351,Port Lincoln,7:50am,Bus,landed,8/07/2026
3,JQ776,Melbourne,8:01am,25,landed,8/07/2026
4,VA211,Melbourne,7:55am,13,landed,8/07/2026
5,QF731,Sydney,8:10am,23,landed,8/07/2026
6,ZL4612,Mount Gambier,9:35am,Bus,landed,8/07/2026
7,JQ760,Sydney,8:15am,26,landed,8/07/2026
8,NC233,Prominent Hill,8:13am,,landed,8/07/2026
9,VA1384,Brisbane,8:30am,14,landed,8/07/2026
10,QF1801,Brisbane,8:45am,21,landed,8/07/2026
11,VA404,Sydney,8:50am,12,landed,8/07/2026
12,QF2572,Whyalla,8:40am,50,landed,8/07/2026
13,NC783,Carrapateena,9:00am,,landed,8/07/2026
14,QF2551,Canberra,11:56am,50,landed,8/07/2026
15,JQ800,Brisbane,9:10am,19,landed,8/07/2026
16,QF675,Melbourne,9:36am,24,landed,8/07/2026
17,QF1993,Sydney,9:55am,20,landed,8/07/2026
18,QQ3105,Olympic Dam,9:55am,,landed,8/07/2026
19,QF1907,Darwin,10:50am,23,landed,8/07/2026
20,VA217,Melbourne,10:15am,13,landed,8/07/2026
21,QF2582,Port Lincoln,10:32am,50,landed,8/07/2026
22,QQ3115,Olympic Dam,10:15am,,landed,8/07/2026
23,ZL4357,Port Lincoln,10:20am,Bus,landed,8/07/2026
24,JQ857,Perth,10:27am,25,landed,8/07/2026
25,JQ774,Melbourne,11:15am,26,landed,8/07/2026
26,NC780,Port Augusta,10:05am,,landed,8/07/2026
27,VA412,Sydney,11:10am,15,landed,8/07/2026
28,QF733,Sydney,10:55am,21,landed,8/07/2026
29,VA219,Melbourne,11:05am,14,landed,8/07/2026
30,VA1388,Brisbane,11:05am,12,landed,8/07/2026
31,QF1803,Brisbane,11:05am,19,landed,8/07/2026
32,JQ762,Sydney,11:34am,16,landed,8/07/2026
33,QF2561,Kingscote,11:30am,50,landed,8/07/2026
34,ZL4618,Mount Gambier,12:25pm,Bus,landed,8/07/2026
35,QF679,Melbourne,11:23am,24,landed,8/07/2026
36,VA712,Perth,11:25am,13,landed,8/07/2026
37,JQ772,Melbourne,11:35am,25,landed,8/07/2026
38,ZL9381,Ceduna,11:35am,Bus,landed,8/07/2026
39,VA414,Sydney,12:00pm,12,landed,8/07/2026
40,QF735,Sydney,11:42am,23,landed,8/07/2026
41,QF1805,Brisbane,12:44pm,24,landed,8/07/2026
42,NC237,Prominent Hill,12:30pm,50,landed,8/07/2026
43,QF1817,Alice Springs,12:39pm,16,landed,8/07/2026
44,JQ963,Cairns,12:59pm,25,landed,8/07/2026
45,QF1909,Newcastle,1:23pm,19,landed,8/07/2026
46,JQ499,Gold Coast,1:40pm,26,landed,8/07/2026
47,JQ802,Brisbane,1:31pm,21,landed,8/07/2026
48,QF884,Perth,1:53pm,24,landed,8/07/2026
49,QF683,Melbourne,1:42pm,20,landed,8/07/2026
50,QF737,Sydney,1:45pm,23,landed,8/07/2026
51,VA227,Melbourne,1:55pm,14,landed,8/07/2026
52,VA418,Sydney,1:50pm,15,landed,8/07/2026
53,ZL4377,Port Lincoln,2:55pm,Bus,landed,8/07/2026
54,QQ8623,Moomba,12:05pm,,landed,8/07/2026
55,JQ770,Sydney,2:25pm,25,landed,8/07/2026
56,ZL4825,Broken Hill,3:25pm,Bus,landed,8/07/2026
57,ZL4487,Coober Pedy,3:20pm,Bus,landed,8/07/2026
58,QF2586,Port Lincoln,3:30pm,,landed,8/07/2026
59,QF687,Melbourne,3:27pm,21,landed,8/07/2026
60,VA231,Melbourne,3:35pm,15,landed,8/07/2026
61,QF2549,Canberra,3:55pm,50,landed,8/07/2026
62,JQ680,Hobart,4:25pm,26,landed,8/07/2026
63,QF739,Sydney,4:45pm,20,landed,8/07/2026
64,VA1448,Gold Coast,4:55pm,14,landed,8/07/2026
65,VA1746,Alice Springs,4:55pm,12,landed,8/07/2026
66,JQ764,Sydney,4:50pm,25,landed,8/07/2026
67,QF1283,Brisbane,5:06pm,24,landed,8/07/2026
68,JQ778,Melbourne,5:13pm,26,landed,8/07/2026
69,QQ3161,Olympic Dam,5:15pm,19,landed,8/07/2026
70,ZL4135,Ceduna,6:35pm,Bus,landed,8/07/2026
71,VA718,Perth,5:45pm,15,landed,8/07/2026
72,QF691,Melbourne,5:42pm,23,landed,8/07/2026
73,NC785,Port Augusta,5:55pm,,landed,8/07/2026
74,QQ3137,Olympic Dam,6:00pm,20,landed,8/07/2026
75,QF886,Perth,6:11pm,24,landed,8/07/2026
76,ZL4389,Port Lincoln,6:10pm,Bus,landed,8/07/2026
77,VA1398,Brisbane,6:10pm,12,landed,8/07/2026
78,VA237,Melbourne,6:20pm,13,landed,8/07/2026
79,QF2576,Whyalla,5:58pm,,landed,8/07/2026
80,ZL4632,Mount Gambier,7:00pm,Bus,landed,8/07/2026
81,QF741,Sydney,6:06pm,19,landed,8/07/2026
82,QF2588,Port Lincoln,6:25pm,50,landed,8/07/2026
83,JQ766,Sydney,6:35pm,25,landed,8/07/2026
84,QF743,Sydney,6:52pm,23,landed,8/07/2026
85,VA434,Sydney,7:14pm,14,landed,8/07/2026
86,QF1905,Darwin,6:50pm,26,landed,8/07/2026
87,JQ621,Avalon,8:05pm,24,landed,8/07/2026
88,NC239,Prominent Hill,7:30pm,50,unknown,8/07/2026
89,QF697,Melbourne,8:54pm,20,landed,8/07/2026
90,JQ497,Gold Coast,8:10pm,25,landed,8/07/2026
91,QF1799,Canberra,8:40pm,21,landed,8/07/2026
92,QQ3149,Olympic Dam,9:00pm,,landed,8/07/2026
93,VA442,Sydney,9:28pm,12,landed,8/07/2026
94,VA247,Melbourne,9:01pm,14,landed,8/07/2026
95,JQ780,Melbourne,9:05pm,26,landed,8/07/2026
96,QF1811,Brisbane,9:06pm,19,landed,8/07/2026
97,QF888,Perth,9:34pm,24,landed,8/07/2026
98,JQ782,Melbourne,9:47pm,26,landed,8/07/2026
99,JQ768,Sydney,9:35pm,21,landed,8/07/2026
100,QQ3153,Olympic Dam,10:00pm,,landed,8/07/2026
101,VA1404,Brisbane,9:50pm,14,landed,8/07/2026
102,JQ689,Darwin,10:56pm,18,landed,8/07/2026
103,QF749,Sydney,10:36pm,16,landed,8/07/2026
0,QF671,Melbourne,6:53am,23,landed,9/07/2026
1,QF2580,Port Lincoln,7:05am,50,landed,9/07/2026
2,ZL4351,Port Lincoln,7:50am,Bus,landed,9/07/2026
3,JQ776,Melbourne,8:10am,26,landed,9/07/2026
4,VA211,Melbourne,7:55am,13,landed,9/07/2026
5,ZL4612,Mount Gambier,8:05am,Bus,landed,9/07/2026
6,QF731,Sydney,8:10am,24,landed,9/07/2026
7,JQ760,Sydney,7:55am,25,landed,9/07/2026
8,VA1384,Brisbane,8:25am,14,landed,9/07/2026
9,QF1801,Brisbane,8:54am,23,landed,9/07/2026
10,VA404,Sydney,8:45am,12,landed,9/07/2026
11,QF2572,Whyalla,8:38am,,landed,9/07/2026
12,NC787,Carrapateena,9:00am,50,landed,9/07/2026
13,JQ800,Brisbane,9:05am,26,landed,9/07/2026
14,QF2551,Canberra,9:10am,50,landed,9/07/2026
15,QF675,Melbourne,9:14am,24,landed,9/07/2026
16,QQ3103,Olympic Dam,9:30am,13,landed,9/07/2026
17,NC233,Prominent Hill,12:25pm,,landed,9/07/2026
18,QF1993,Sydney,10:09am,21,landed,9/07/2026
19,QF1907,Darwin,9:54am,15,landed,9/07/2026
20,QF882,Perth,9:56am,23,landed,9/07/2026
21,QQ3105,Olympic Dam,10:00am,,landed,9/07/2026
22,QF2582,Port Lincoln,9:56am,,landed,9/07/2026
23,VA217,Melbourne,10:25am,14,landed,9/07/2026
24,JQ961,Cairns,10:05am,25,landed,9/07/2026
25,ZL4357,Port Lincoln,10:20am,Bus,landed,9/07/2026
26,QF1791,Melbourne,10:25am,24,landed,9/07/2026
27,ZL4125,Ceduna,10:25am,Bus,landed,9/07/2026
28,JQ774,Melbourne,10:44am,26,landed,9/07/2026
29,VA412,Sydney,10:55am,12,landed,9/07/2026
30,QF733,Sydney,10:55am,20,landed,9/07/2026
31,VA219,Melbourne,11:05am,13,landed,9/07/2026
32,NC243,Port Augusta,11:05am,50,landed,9/07/2026
33,VA1388,Brisbane,10:40am,16,landed,9/07/2026
34,QF679,Melbourne,11:00am,23,landed,9/07/2026
35,QF1803,Brisbane,11:20am,15,landed,9/07/2026
36,JQ762,Sydney,11:32am,19,landed,9/07/2026
37,QF2561,Kingscote,11:25am,50,landed,9/07/2026
38,ZL4618,Mount Gambier,11:25am,Bus,landed,9/07/2026
39,JQ772,Melbourne,11:22am,25,landed,9/07/2026
40,VA712,Perth,11:30am,14,landed,9/07/2026
41,VA414,Sydney,12:45pm,13,landed,9/07/2026
42,QF735,Sydney,12:02pm,24,landed,9/07/2026
43,QF1805,Brisbane,12:35pm,17,cancelled,9/07/2026
44,JQ963,Cairns,12:45pm,25,landed,9/07/2026
45,NC783,Carrapateena,12:42pm,50,landed,9/07/2026
46,QF1909,Newcastle,1:07pm,24,landed,9/07/2026
47,JQ499,Gold Coast,1:21pm,26,landed,9/07/2026
48,QF884,Perth,1:05pm,23,landed,9/07/2026
49,QF683,Melbourne,1:26pm,20,landed,9/07/2026
50,ZL4367,Port Lincoln,1:35pm,Bus,landed,9/07/2026
51,QF737,Sydney,1:37pm,21,landed,9/07/2026
52,QQ3119,Olympic Dam,1:45pm,19,landed,9/07/2026
53,ZL4823,Broken Hill,1:45pm,Bus,landed,9/07/2026
54,VA227,Melbourne,2:25pm,14,landed,9/07/2026
55,VA418,Sydney,2:30pm,13,landed,9/07/2026
56,JQ859,Perth,2:50pm,25,landed,9/07/2026
57,QQ8629,Moomba,2:30pm,,landed,9/07/2026
58,ZL4377,Port Lincoln,2:55pm,Bus,landed,9/07/2026
59,QF2586,Port Lincoln,3:22pm,50,landed,9/07/2026
60,QF1797,Canberra,3:23pm,24,landed,9/07/2026
61,QF687,Melbourne,3:31pm,20,landed,9/07/2026
62,VA231,Melbourne,3:37pm,14,landed,9/07/2026
63,QF739,Sydney,4:40pm,23,landed,9/07/2026
64,QF1911,Darwin,4:24pm,21,landed,9/07/2026
65,VA1448,Gold Coast,4:45pm,13,landed,9/07/2026
66,JQ764,Sydney,5:00pm,25,landed,9/07/2026
67,JQ111,Denpasar,4:30pm,19,landed,9/07/2026
68,QF1283,Brisbane,5:06pm,20,landed,9/07/2026
69,VA233,Melbourne,5:10pm,12,landed,9/07/2026
70,NC239,Prominent Hill,5:05pm,,landed,9/07/2026
71,JQ778,Melbourne,5:19pm,26,landed,9/07/2026
72,ZL4135,Ceduna,5:20pm,Bus,landed,9/07/2026
73,VA718,Perth,6:05pm,14,landed,9/07/2026
74,QF691,Melbourne,5:30pm,21,landed,9/07/2026
75,JQ807,Maroochydore,5:40pm,25,landed,9/07/2026
76,NC245,Port Augusta,4:51pm,50,landed,9/07/2026
77,QF886,Perth,5:25pm,24,landed,9/07/2026
78,NC785,Carrapateena,5:45pm,50,landed,9/07/2026
79,VA1398,Brisbane,5:45pm,15,landed,9/07/2026
80,VA237,Melbourne,6:10pm,13,landed,9/07/2026
81,ZL4389,Port Lincoln,6:10pm,Bus,landed,9/07/2026
82,QF2576,Whyalla,6:03pm,50,landed,9/07/2026
83,ZL4632,Mount Gambier,6:15pm,Bus,landed,9/07/2026
84,VA428,Sydney,6:15pm,12,landed,9/07/2026
85,QF741,Sydney,7:04pm,24,landed,9/07/2026
86,QQ3141,Olympic Dam,6:40pm,20,landed,9/07/2026
87,JQ766,Sydney,6:41pm,26,landed,9/07/2026
88,QF693,Melbourne,7:00pm,19,landed,9/07/2026
89,QF1857,Alice Springs,7:23pm,23,landed,9/07/2026
90,VA1504,Cairns,7:00pm,14,landed,9/07/2026
91,QF743,Sydney,7:12pm,25,landed,9/07/2026
92,QQ3143,Olympic Dam,7:29pm,,landed,9/07/2026
93,VA434,Sydney,7:25pm,13,landed,9/07/2026
94,QF1905,Darwin,7:45pm,26,landed,9/07/2026
95,QF697,Melbourne,8:08pm,20,landed,9/07/2026
96,ZL4397,Port Lincoln,8:00pm,Bus,landed,9/07/2026
97,QF745,Sydney,8:13pm,24,landed,9/07/2026
98,QF1799,Canberra,8:15pm,19,landed,9/07/2026
99,JQ621,Avalon,9:00pm,17,cancelled,9/07/2026
100,VA442,Sydney,9:10pm,14,landed,9/07/2026
101,JQ804,Brisbane,9:25pm,26,landed,9/07/2026
102,JQ780,Melbourne,9:06pm,21,landed,9/07/2026
103,VA247,Melbourne,9:10pm,12,landed,9/07/2026
104,QF1811,Brisbane,9:05pm,23,landed,9/07/2026
105,JQ7621,Melbourne,9:30pm,25,landed,9/07/2026
106,VA579,Canberra,9:10pm,13,landed,9/07/2026
107,QF888,Perth,9:16pm,19,landed,9/07/2026
108,JQ782,Melbourne,10:05pm,23,landed,9/07/2026
109,JQ768,Sydney,10:35pm,21,landed,9/07/2026
110,VA1404,Brisbane,9:50pm,14,landed,9/07/2026
111,VA722,Perth,9:55pm,15,landed,9/07/2026
112,JQ689,Darwin,10:10pm,18,landed,9/07/2026
113,QF749,Sydney,10:16pm,16,landed,9/07/2026
0,VA203,Melbourne,6:55am,13,landed,10/07/2026
1,QF671,Melbourne,6:57am,23,landed,10/07/2026
2,QF2580,Port Lincoln,7:05am,,landed,10/07/2026
3,ZL4351,Port Lincoln,7:50am,Bus,landed,10/07/2026
4,JQ776,Melbourne,8:03am,25,landed,10/07/2026
5,ZL4612,Mount Gambier,8:05am,Bus,landed,10/07/2026
6,QF731,Sydney,8:13am,23,landed,10/07/2026
7,VA211,Melbourne,8:20am,14,landed,10/07/2026
8,JQ760,Sydney,8:05am,26,landed,10/07/2026
9,VA1384,Brisbane,8:20am,13,landed,10/07/2026
10,QF1801,Brisbane,8:29am,24,landed,10/07/2026
11,VA404,Sydney,8:55am,12,landed,10/07/2026
12,QF2572,Whyalla,8:33am,,landed,10/07/2026
13,NC245,Prominent Hill,9:05am,,landed,10/07/2026
14,QF2551,Canberra,9:20am,,landed,10/07/2026
15,JQ800,Brisbane,9:20am,26,landed,10/07/2026
16,QF675,Melbourne,9:36am,21,landed,10/07/2026
17,QF1993,Sydney,9:48am,24,landed,10/07/2026
18,ZL4819,Broken Hill,9:30am,Bus,landed,10/07/2026
19,QF882,Perth,9:40am,23,landed,10/07/2026
20,QF1907,Darwin,9:57am,20,landed,10/07/2026
21,QF2582,Port Lincoln,9:47am,,landed,10/07/2026
22,VA217,Melbourne,10:14am,14,landed,10/07/2026
23,QQ3111,Olympic Dam,10:15am,,landed,10/07/2026
24,JQ857,Perth,10:25am,25,landed,10/07/2026
25,ZL4357,Port Lincoln,10:30am,Bus,landed,10/07/2026
26,QF1795,Canberra,10:20am,16,landed,10/07/2026
27,NC233,Prominent Hill,10:30am,,landed,10/07/2026
28,JQ774,Melbourne,10:24am,26,landed,10/07/2026
29,NC783,Port Augusta,10:45am,,landed,10/07/2026
30,VA412,Sydney,11:30am,15,landed,10/07/2026
31,VA219,Melbourne,11:05am,13,landed,10/07/2026
32,QF733,Sydney,11:25am,23,landed,10/07/2026
33,VA1388,Brisbane,10:40am,12,landed,10/07/2026
34,QF679,Melbourne,11:13am,19,landed,10/07/2026
35,JQ762,Sydney,11:30am,21,landed,10/07/2026
36,QF1803,Brisbane,11:50am,20,landed,10/07/2026
37,QF2561,Kingscote,11:05am,,landed,10/07/2026
38,ZL4618,Mount Gambier,11:25am,Bus,landed,10/07/2026
39,VA712,Perth,11:25am,14,landed,10/07/2026
40,QQ8623,Moomba,11:30am,,landed,10/07/2026
41,JQ772,Melbourne,11:37am,25,landed,10/07/2026
42,ZL9381,Ceduna,3:20pm,,landed,10/07/2026
43,VA414,Sydney,12:15pm,12,landed,10/07/2026
44,QF735,Sydney,12:29pm,24,landed,10/07/2026
45,QF1805,Brisbane,12:40pm,19,landed,10/07/2026
46,QF1817,Alice Springs,1:25pm,21,landed,10/07/2026
47,JQ963,Cairns,12:50pm,26,landed,10/07/2026
48,QF1909,Newcastle,1:18pm,16,landed,10/07/2026
49,JQ499,Gold Coast,1:25pm,25,landed,10/07/2026
50,QF884,Perth,1:22pm,20,landed,10/07/2026
51,JQ802,Brisbane,1:40pm,19,landed,10/07/2026
52,ZL4367,Port Lincoln,1:35pm,Bus,landed,10/07/2026
53,QF683,Melbourne,1:35pm,23,landed,10/07/2026
54,VA227,Melbourne,2:00pm,15,landed,10/07/2026
55,VA418,Sydney,2:15pm,14,landed,10/07/2026
56,JQ770,Sydney,2:15pm,26,landed,10/07/2026
57,ZL4825,Broken Hill,2:55pm,Bus,landed,10/07/2026
58,ZL4487,Coober Pedy,3:00pm,Bus,landed,10/07/2026
59,QF2586,Port Lincoln,3:25pm,,landed,10/07/2026
60,VA231,Melbourne,3:45pm,15,landed,10/07/2026
61,QF687,Melbourne,3:52pm,23,landed,10/07/2026
62,JQ680,Hobart,3:55pm,25,landed,10/07/2026
63,QF739,Sydney,4:23pm,24,landed,10/07/2026
64,VA1448,Gold Coast,4:40pm,14,landed,10/07/2026
65,VA1746,Alice Springs,5:10pm,16,landed,10/07/2026
66,JQ764,Sydney,5:15pm,26,landed,10/07/2026
67,NC237,Port Augusta,4:20pm,,landed,10/07/2026
68,VA233,Melbourne,5:09pm,12,landed,10/07/2026
69,JQ778,Melbourne,5:17pm,25,landed,10/07/2026
70,ZL4135,Ceduna,5:30pm,Bus,landed,10/07/2026
71,VA718,Perth,5:28pm,13,landed,10/07/2026
72,QF691,Melbourne,6:14pm,22,landed,10/07/2026
73,NC785,Port Augusta,5:55pm,50,landed,10/07/2026
74,QF886,Perth,5:45pm,24,landed,10/07/2026
75,VA1398,Brisbane,6:05pm,14,landed,10/07/2026
76,ZL4389,Port Lincoln,6:10pm,Bus,landed,10/07/2026
77,QQ3137,Olympic Dam,6:10pm,,landed,10/07/2026
78,VA237,Melbourne,6:39pm,16,landed,10/07/2026
79,QF2576,Whyalla,5:49pm,50,landed,10/07/2026
80,ZL4632,Mount Gambier,6:20pm,Bus,landed,10/07/2026
81,VA428,Sydney,6:19pm,15,landed,10/07/2026
82,QF2563,Kingscote,6:20pm,,landed,10/07/2026
83,QF741,Sydney,6:25pm,17,cancelled,10/07/2026
84,ZL9383,Ceduna,6:40pm,Bus,landed,10/07/2026
85,JQ766,Sydney,6:52pm,25,landed,10/07/2026
86,QF693,Melbourne,6:53pm,21,landed,10/07/2026
87,QF743,Sydney,7:07pm,23,landed,10/07/2026
88,VA241,Melbourne,7:05pm,12,landed,10/07/2026
89,QF1809,Brisbane,7:20pm,16,landed,10/07/2026
90,VA434,Sydney,7:35pm,13,landed,10/07/2026
91,QF1905,Darwin,7:25pm,22,landed,10/07/2026
92,JQ621,Avalon,8:00pm,26,landed,10/07/2026
93,QF697,Melbourne,7:57pm,24,landed,10/07/2026
94,ZL4397,Port Lincoln,8:10pm,Bus,landed,10/07/2026
95,QF745,Sydney,8:35pm,23,landed,10/07/2026
96,JQ497,Gold Coast,9:05pm,16,landed,10/07/2026
97,QF1799,Canberra,8:30pm,25,landed,10/07/2026
98,VA442,Sydney,10:00pm,21,landed,10/07/2026
99,VA247,Melbourne,9:02pm,14,landed,10/07/2026
100,JQ780,Melbourne,9:25pm,25,landed,10/07/2026
101,QF1811,Brisbane,9:05pm,24,landed,10/07/2026
102,VA579,Canberra,9:00pm,15,landed,10/07/2026
103,QF888,Perth,9:13pm,22,landed,10/07/2026
104,JQ782,Melbourne,10:20pm,25,landed,10/07/2026
105,JQ768,Sydney,10:55pm,21,landed,10/07/2026
106,VA1404,Brisbane,9:53pm,13,landed,10/07/2026
107,VA722,Perth,10:00pm,12,landed,10/07/2026
108,JQ689,Darwin,10:14pm,18,landed,10/07/2026
109,QF749,Sydney,10:38pm,24,landed,10/07/2026
0,QF671,Melbourne,6:56am,21,landed,11/07/2026
1,QF2580,Port Lincoln,7:04am,50,landed,11/07/2026
2,JQ776,Melbourne,7:49am,26,landed,11/07/2026
3,ZL4612,Mount Gambier,8:05am,Bus,landed,11/07/2026
4,VA211,Melbourne,8:30am,13,landed,11/07/2026
5,JQ760,Sydney,8:05am,25,landed,11/07/2026
6,QF1801,Brisbane,8:43am,22,landed,11/07/2026
7,VA404,Sydney,9:00am,12,landed,11/07/2026
8,ZL4353,Port Lincoln,8:45am,Bus,landed,11/07/2026
9,JQ800,Brisbane,9:05am,25,landed,11/07/2026
10,QF675,Melbourne,10:20am,25,landed,11/07/2026
11,QF1993,Sydney,10:30am,23,landed,11/07/2026
12,QF1907,Darwin,9:45am,16,landed,11/07/2026
13,QQ3205,Olympic Dam,10:00am,,landed,11/07/2026
14,QF2582,Port Lincoln,9:54am,50,landed,11/07/2026
15,VA217,Melbourne,10:10am,13,landed,11/07/2026
16,JQ961,Cairns,10:20am,26,landed,11/07/2026
17,QF1795,Canberra,10:48am,24,landed,11/07/2026
18,JQ774,Melbourne,10:45am,19,landed,11/07/2026
19,VA412,Sydney,11:05am,15,landed,11/07/2026
20,ZL4363,Port Lincoln,11:00am,Bus,landed,11/07/2026
21,VA219,Melbourne,10:55am,14,landed,11/07/2026
22,QF733,Sydney,11:07am,20,landed,11/07/2026
23,VA1388,Brisbane,10:50am,12,landed,11/07/2026
24,JQ762,Sydney,11:10am,26,landed,11/07/2026
25,QF2561,Kingscote,11:03am,50,landed,11/07/2026
26,JQ772,Melbourne,11:20am,25,landed,11/07/2026
27,QF679,Melbourne,11:24am,23,landed,11/07/2026
28,VA712,Perth,11:30am,13,landed,11/07/2026
29,QF1281,Brisbane,1:03pm,21,landed,11/07/2026
30,QF1817,Alice Springs,4:12pm,15,landed,11/07/2026
31,JQ963,Cairns,1:20pm,25,landed,11/07/2026
32,JQ499,Gold Coast,1:27pm,26,landed,11/07/2026
33,JQ859,Perth,1:20pm,15,landed,11/07/2026
34,ZL4367,Port Lincoln,1:25pm,Bus,landed,11/07/2026
35,QF683,Melbourne,1:38pm,22,landed,11/07/2026
36,QF737,Sydney,1:38pm,20,landed,11/07/2026
37,VA227,Melbourne,2:15pm,13,landed,11/07/2026
38,VA418,Sydney,2:05pm,14,landed,11/07/2026
39,QF2586,Port Lincoln,3:10pm,50,landed,11/07/2026
40,QF687,Melbourne,3:48pm,22,landed,11/07/2026
41,VA424,Sydney,3:55pm,13,landed,11/07/2026
42,QF739,Sydney,4:38pm,23,landed,11/07/2026
43,VA1448,Gold Coast,4:50pm,12,landed,11/07/2026
44,JQ764,Sydney,4:45pm,25,landed,11/07/2026
45,JQ111,Denpasar,4:15pm,16,landed,11/07/2026
46,QF1807,Brisbane,5:27pm,21,landed,11/07/2026
47,VA233,Melbourne,5:10pm,14,landed,11/07/2026
48,JQ778,Melbourne,5:25pm,26,landed,11/07/2026
49,VA718,Perth,5:35pm,15,landed,11/07/2026
50,JQ807,Maroochydore,8:45pm,22,landed,11/07/2026
51,NC743,Carrapateena,5:43pm,50,unknown,11/07/2026
52,VA1398,Brisbane,6:05pm,13,landed,11/07/2026
53,QF741,Sydney,6:13pm,16,landed,11/07/2026
54,JQ766,Sydney,6:45pm,26,landed,11/07/2026
55,QF693,Melbourne,7:11pm,23,landed,11/07/2026
56,VA1504,Cairns,6:55pm,14,landed,11/07/2026
57,VA241,Melbourne,7:10pm,15,unknown,11/07/2026
58,QF1809,Brisbane,7:22pm,24,landed,11/07/2026
59,QF1905,Darwin,7:35pm,25,landed,11/07/2026
60,JQ804,Brisbane,9:05pm,26,landed,11/07/2026
61,JQ621,Avalon,9:40pm,24,landed,11/07/2026
62,QF888,Perth,9:10pm,15,landed,11/07/2026
63,JQ782,Melbourne,10:35pm,17,cancelled,11/07/2026
64,JQ768,Sydney,10:05pm,25,landed,11/07/2026
65,JQ689,Darwin,10:10pm,18,landed,11/07/2026
66,QF749,Sydney,10:41pm,21,landed,11/07/2026
0,QF671,Melbourne,6:54am,14,landed,12/07/2026
1,JQ776,Melbourne,8:05am,26,landed,12/07/2026
2,VA211,Melbourne,8:10am,13,landed,12/07/2026
3,JQ760,Sydney,8:25am,24,landed,12/07/2026
4,VA404,Sydney,8:55am,13,landed,12/07/2026
5,JQ800,Brisbane,9:00am,26,landed,12/07/2026
6,QF1907,Darwin,9:48am,20,landed,12/07/2026
7,QF2582,Port Lincoln,9:55am,,landed,12/07/2026
8,VA217,Melbourne,10:10am,13,landed,12/07/2026
9,JQ961,Cairns,10:10am,19,landed,12/07/2026
10,JQ857,Perth,10:30am,26,landed,12/07/2026
11,QF1795,Canberra,10:22am,22,landed,12/07/2026
12,JQ774,Melbourne,11:10am,21,landed,12/07/2026
13,VA412,Sydney,10:55am,16,landed,12/07/2026
14,ZL4363,Port Lincoln,11:00am,Bus,landed,12/07/2026
15,VA219,Melbourne,11:05am,15,landed,12/07/2026
16,VA1388,Brisbane,11:00am,12,landed,12/07/2026
17,JQ762,Sydney,11:10am,25,landed,12/07/2026
18,QF679,Melbourne,11:22am,23,landed,12/07/2026
19,VA712,Perth,11:20am,14,landed,12/07/2026
20,JQ772,Melbourne,11:52am,26,landed,12/07/2026
21,QF735,Sydney,12:04pm,22,landed,12/07/2026
22,QF1281,Brisbane,12:29pm,21,landed,12/07/2026
23,QF1817,Alice Springs,12:59pm,20,landed,12/07/2026
24,QF2584,Port Lincoln,12:35pm,,landed,12/07/2026
25,JQ963,Cairns,12:45pm,25,landed,12/07/2026
26,JQ499,Gold Coast,1:15pm,26,landed,12/07/2026
27,QF884,Perth,1:18pm,24,landed,12/07/2026
28,JQ802,Brisbane,1:40pm,19,landed,12/07/2026
29,QF683,Melbourne,1:41pm,22,landed,12/07/2026
30,ZL4367,Port Lincoln,1:45pm,Bus,landed,12/07/2026
31,VA227,Melbourne,1:40pm,14,landed,12/07/2026
32,VA418,Sydney,1:55pm,15,landed,12/07/2026
33,QF2574,Whyalla,1:58pm,,landed,12/07/2026
34,JQ770,Sydney,4:05pm,21,landed,12/07/2026
35,ZL4825,Broken Hill,2:50pm,Bus,landed,12/07/2026
36,QF2551,Canberra,3:08pm,,landed,12/07/2026
37,QF2586,Port Lincoln,3:27pm,,landed,12/07/2026
38,QF1797,Canberra,3:25pm,25,landed,12/07/2026
39,QF1909,Newcastle,3:25pm,24,landed,12/07/2026
40,VA231,Melbourne,3:50pm,16,landed,12/07/2026
41,QF687,Melbourne,3:53pm,22,landed,12/07/2026
42,JQ680,Hobart,4:55pm,15,landed,12/07/2026
43,VA424,Sydney,4:15pm,12,landed,12/07/2026
44,QF739,Sydney,4:21pm,23,landed,12/07/2026
45,VA1448,Gold Coast,5:00pm,14,landed,12/07/2026
46,JQ764,Sydney,4:45pm,26,landed,12/07/2026
47,QF1807,Brisbane,4:45pm,22,landed,12/07/2026
48,VA233,Melbourne,5:10pm,13,landed,12/07/2026
49,JQ778,Melbourne,5:27pm,25,landed,12/07/2026
50,ZL4135,Ceduna,5:30pm,Bus,landed,12/07/2026
51,VA718,Perth,5:35pm,16,landed,12/07/2026
52,QF691,Melbourne,5:46pm,23,landed,12/07/2026
53,QF886,Perth,6:04pm,24,landed,12/07/2026
54,NC743,Carrapateena,6:05pm,50,unknown,12/07/2026
55,VA1398,Brisbane,6:10pm,12,landed,12/07/2026
56,ZL4389,Port Lincoln,6:25pm,Bus,landed,12/07/2026
57,VA237,Melbourne,6:50pm,15,landed,12/07/2026
58,QF2576,Whyalla,5:50pm,,landed,12/07/2026
59,ZL4632,Mount Gambier,6:20pm,Bus,landed,12/07/2026
60,QF2563,Kingscote,6:14pm,,landed,12/07/2026
61,VA428,Sydney,6:25pm,17,cancelled,12/07/2026
62,QF741,Sydney,6:30pm,22,landed,12/07/2026
63,JQ766,Sydney,7:20pm,25,landed,12/07/2026
64,QQ3241,Olympic Dam,6:45pm,14,landed,12/07/2026
65,QF693,Melbourne,6:59pm,26,landed,12/07/2026
66,QF743,Sydney,6:54pm,23,landed,12/07/2026
67,VA241,Melbourne,7:30pm,16,landed,12/07/2026
68,QF1285,Brisbane,7:25pm,22,landed,12/07/2026
69,VA434,Sydney,7:35pm,12,landed,12/07/2026
70,QF1905,Darwin,7:10pm,24,landed,12/07/2026
71,JQ621,Avalon,9:30pm,25,landed,12/07/2026
72,QF697,Melbourne,8:35pm,21,landed,12/07/2026
73,ZL4397,Port Lincoln,8:20pm,Bus,landed,12/07/2026
74,JQ497,Gold Coast,8:25pm,22,landed,12/07/2026
75,QF1799,Canberra,8:29pm,13,landed,12/07/2026
76,VA442,Sydney,9:05pm,15,landed,12/07/2026
77,VA247,Melbourne,9:30pm,14,landed,12/07/2026
78,JQ780,Melbourne,9:40pm,26,landed,12/07/2026
79,QF1811,Brisbane,9:07pm,24,landed,12/07/2026
80,VA579,Canberra,9:05pm,16,landed,12/07/2026
81,QF888,Perth,9:21pm,23,landed,12/07/2026
82,JQ782,Melbourne,10:20pm,22,landed,12/07/2026
83,JQ768,Sydney,10:40pm,25,landed,12/07/2026
84,VA1404,Brisbane,10:15pm,14,landed,12/07/2026
85,VA722,Perth,9:55pm,15,landed,12/07/2026
86,JQ689,Darwin,10:26pm,18,landed,12/07/2026
87,QF749,Sydney,10:34pm,20,landed,12/07/2026
0,VA203,Melbourne,6:52am,14,landed,14/07/2026
1,QF671,Melbourne,6:59am,23,landed,14/07/2026
2,QF2580,Port Lincoln,7:11am,,landed,14/07/2026
3,ZL4351,Port Lincoln,7:50am,Bus,landed,14/07/2026
4,JQ776,Melbourne,8:15am,25,landed,14/07/2026
5,VA211,Melbourne,7:46am,14,landed,14/07/2026
6,ZL4612,Mount Gambier,8:05am,Bus,landed,14/07/2026
7,QF731,Sydney,8:08am,24,landed,14/07/2026
8,JQ760,Sydney,8:05am,26,landed,14/07/2026
9,QF1277,Brisbane,9:03am,23,landed,14/07/2026
10,VA404,Sydney,8:45am,13,landed,14/07/2026
11,QF2572,Whyalla,9:13am,50,landed,14/07/2026
12,QF2551,Canberra,9:24am,,landed,14/07/2026
13,JQ800,Brisbane,9:25am,25,landed,14/07/2026
14,QF675,Melbourne,9:13am,15,landed,14/07/2026
15,VA9312,Olympic Dam,9:51am,26,landed,14/07/2026
16,QF1993,Sydney,9:53am,23,landed,14/07/2026
17,QF1907,Darwin,10:09am,22,landed,14/07/2026
18,VA217,Melbourne,9:55am,20,landed,14/07/2026
19,QF2582,Port Lincoln,10:00am,,landed,14/07/2026
20,JQ961,Cairns,10:00am,21,landed,14/07/2026
21,ZL4357,Port Lincoln,10:40am,Bus,landed,14/07/2026
22,JQ774,Melbourne,10:23am,25,landed,14/07/2026
23,QQ3109,Olympic Dam,10:40am,,landed,14/07/2026
24,NC783,Port Augusta,10:15am,,landed,14/07/2026
25,JQ7782,Melbourne,10:52am,19,landed,14/07/2026
26,VA412,Sydney,10:55am,15,landed,14/07/2026
27,QF733,Sydney,11:23am,24,landed,14/07/2026
28,VA1388,Brisbane,10:44am,13,landed,14/07/2026
29,JQ762,Sydney,11:05am,21,landed,14/07/2026
30,QF679,Melbourne,11:09am,22,landed,14/07/2026
31,QF1803,Brisbane,11:40am,26,landed,14/07/2026
32,ZL4618,Mount Gambier,11:15am,Bus,landed,14/07/2026
33,QF2561,Kingscote,11:35am,50,landed,14/07/2026
34,VA712,Perth,11:19am,12,landed,14/07/2026
35,ZL9381,Ceduna,10:50am,Bus,landed,14/07/2026
36,VA414,Sydney,11:50am,18,landed,14/07/2026
37,NC241,Port Augusta,11:10am,,landed,14/07/2026
38,QF735,Sydney,12:05pm,21,landed,14/07/2026
39,QF1805,Brisbane,1:18pm,21,landed,14/07/2026
40,QF1817,Alice Springs,12:35pm,24,landed,14/07/2026
41,JQ963,Cairns,1:00pm,26,landed,14/07/2026
42,QF1909,Newcastle,1:10pm,20,landed,14/07/2026
43,JQ499,Gold Coast,1:19pm,25,landed,14/07/2026
44,QF884,Perth,1:23pm,22,landed,14/07/2026
45,QF683,Melbourne,1:49pm,19,landed,14/07/2026
46,QF737,Sydney,1:43pm,23,landed,14/07/2026
47,QQ3119,Olympic Dam,1:45pm,15,landed,14/07/2026
48,VA227,Melbourne,1:45pm,14,landed,14/07/2026
49,ZL4823,Broken Hill,3:00pm,Bus,landed,14/07/2026
50,VA418,Sydney,1:55pm,13,landed,14/07/2026
51,NC233,Prominent Hill,2:20pm,,landed,14/07/2026
52,JQ770,Sydney,2:33pm,26,landed,14/07/2026
53,JQ859,Perth,2:40pm,21,landed,14/07/2026
54,QQ8629,Moomba,2:30pm,,landed,14/07/2026
55,ZL4133,Ceduna,4:30pm,Bus,landed,14/07/2026
56,QF687,Melbourne,3:38pm,22,landed,14/07/2026
57,VA231,Melbourne,3:40pm,14,landed,14/07/2026
58,QF2549,Canberra,3:49pm,,landed,14/07/2026
59,QF739,Sydney,4:10pm,23,landed,14/07/2026
60,VA1448,Gold Coast,4:50pm,15,landed,14/07/2026
61,JQ764,Sydney,4:45pm,25,landed,14/07/2026
62,JQ111,Denpasar,4:35pm,19,landed,14/07/2026
63,QF1283,Brisbane,5:06pm,24,landed,14/07/2026
64,JQ778,Melbourne,5:18pm,26,landed,14/07/2026
65,QF1905,Darwin,5:55pm,23,landed,14/07/2026
66,VA718,Perth,5:55pm,13,landed,14/07/2026
67,QF691,Melbourne,5:44pm,22,landed,14/07/2026
68,JQ807,Maroochydore,5:45pm,25,landed,14/07/2026
69,NC785,Port Augusta,5:55pm,,unknown,14/07/2026
70,QQ3137,Olympic Dam,5:50pm,20,landed,14/07/2026
71,QF886,Perth,6:09pm,21,landed,14/07/2026
72,VA1398,Brisbane,6:05pm,14,landed,14/07/2026
73,ZL4389,Port Lincoln,6:10pm,Bus,landed,14/07/2026
74,VA237,Melbourne,6:20pm,12,landed,14/07/2026
75,QF2576,Whyalla,6:03pm,,landed,14/07/2026
76,ZL4632,Mount Gambier,7:00pm,Bus,landed,14/07/2026
77,QF741,Sydney,6:17pm,24,landed,14/07/2026
78,QF2588,Port Lincoln,6:33pm,50,landed,14/07/2026
79,ZL9383,Ceduna,5:45pm,Bus,landed,14/07/2026
80,QQ3141,Olympic Dam,6:40pm,23,landed,14/07/2026
81,JQ766,Sydney,6:41pm,26,landed,14/07/2026
82,QF693,Melbourne,6:45pm,22,landed,14/07/2026
83,QF743,Sydney,6:55pm,25,landed,14/07/2026
84,VA1504,Cairns,6:55pm,13,landed,14/07/2026
85,QF1809,Brisbane,7:11pm,21,landed,14/07/2026
86,VA434,Sydney,7:25pm,15,landed,14/07/2026
87,QF697,Melbourne,7:55pm,23,landed,14/07/2026
88,QF1799,Canberra,8:16pm,14,landed,14/07/2026
89,JQ621,Avalon,8:55pm,25,landed,14/07/2026
90,JQ804,Brisbane,9:07pm,24,landed,14/07/2026
91,VA442,Sydney,10:25pm,12,landed,14/07/2026
92,VA247,Melbourne,9:35pm,12,landed,14/07/2026
93,QF1811,Brisbane,9:06pm,22,landed,14/07/2026
94,QF888,Perth,9:18pm,21,landed,14/07/2026
95,QQ3151,Olympic Dam,9:45pm,,landed,14/07/2026
96,JQ782,Melbourne,10:18pm,26,landed,14/07/2026
97,JQ768,Sydney,10:05pm,24,landed,14/07/2026
98,VA1404,Brisbane,9:50pm,13,landed,14/07/2026
99,JQ689,Darwin,10:20pm,18,landed,14/07/2026
100,QF749,Sydney,10:18pm,19,landed,14/07/2026
0,QF671,Melbourne,9:50am,22,landed,15/07/2026
1,QF2580,Port Lincoln,7:20am,17,cancelled,15/07/2026
2,ZL4351,Port Lincoln,11:00am,Bus,landed,15/07/2026
3,JQ776,Melbourne,10:00am,15,landed,15/07/2026
4,VA211,Melbourne,9:40am,14,landed,15/07/2026
5,QF731,Melbourne,11:23am,23,landed,15/07/2026
6,ZL4612,Mount Gambier,12:00pm,Bus,landed,15/07/2026
7,JQ760,Melbourne,12:10pm,25,landed,15/07/2026
8,NC233,Prominent Hill,11:50am,50,landed,15/07/2026
9,QF1277,Brisbane,9:30am,21,landed,15/07/2026
10,VA404,Sydney,9:55am,13,landed,15/07/2026
11,QF2572,Whyalla,9:00am,17,cancelled,15/07/2026
12,NC783,Carrapateena,9:45am,,landed,15/07/2026
13,JQ800,Brisbane,10:00am,26,landed,15/07/2026
14,QF2551,Canberra,10:28am,50,landed,15/07/2026
15,QF675,Melbourne,10:10am,23,landed,15/07/2026
16,QF1993,Melbourne,1:08pm,20,landed,15/07/2026
17,QQ3105,Olympic Dam,10:54am,21,landed,15/07/2026
18,QF1907,Darwin,10:15am,24,landed,15/07/2026
19,VA217,Melbourne,10:20am,12,landed,15/07/2026
20,QF2582,Port Lincoln,11:20am,,landed,15/07/2026
21,QQ3115,Olympic Dam,11:00am,,landed,15/07/2026
22,JQ857,Perth,10:25am,21,landed,15/07/2026
23,ZL4357,Port Lincoln,2:50pm,Bus,landed,15/07/2026
24,QF1795,Canberra,10:28am,19,landed,15/07/2026
25,JQ774,Melbourne,10:45am,26,landed,15/07/2026
26,NC780,Port Augusta,1:50pm,50,landed,15/07/2026
27,VA412,Sydney,11:20am,15,landed,15/07/2026
28,QF733,Sydney,10:50am,22,landed,15/07/2026
29,VA219,Melbourne,11:10am,13,landed,15/07/2026
30,VA1388,Brisbane,10:55am,14,landed,15/07/2026
31,QF1803,Brisbane,11:14am,21,landed,15/07/2026
32,QF679,Melbourne,11:20am,24,landed,15/07/2026
33,JQ762,Sydney,12:25pm,19,landed,15/07/2026
34,QF2561,Kingscote,11:30am,,landed,15/07/2026
35,ZL4618,Mount Gambier,3:05pm,Bus,landed,15/07/2026
36,VA712,Perth,11:30am,12,landed,15/07/2026
37,ZL9381,Ceduna,1:20pm,Bus,landed,15/07/2026
38,VA414,Sydney,11:50am,14,landed,15/07/2026
39,QF735,Sydney,11:39am,20,landed,15/07/2026
40,QF1805,Brisbane,12:56pm,24,landed,15/07/2026
41,QF1817,Alice Springs,1:34pm,14,landed,15/07/2026
42,NC237,Prominent Hill,3:40pm,50,landed,15/07/2026
43,JQ963,Cairns,2:35pm,26,landed,15/07/2026
44,QF1909,Newcastle,1:04pm,18,landed,15/07/2026
45,JQ499,Gold Coast,2:30pm,21,landed,15/07/2026
46,QF884,Perth,1:22pm,21,landed,15/07/2026
47,JQ802,Brisbane,4:50pm,25,landed,15/07/2026
48,QF683,Melbourne,1:34pm,22,landed,15/07/2026
49,QF737,Sydney,1:40pm,,cancelled,15/07/2026
50,VA227,Melbourne,1:40pm,13,landed,15/07/2026
51,VA418,Sydney,1:40pm,15,landed,15/07/2026
52,ZL4377,Port Lincoln,3:45pm,Bus,landed,15/07/2026
53,QQ8623,Moomba,2:15pm,,landed,15/07/2026
54,JQ770,Sydney,2:12pm,25,landed,15/07/2026
55,ZL4825,Broken Hill,10:00pm,Bus,landed,15/07/2026
56,ZL4487,Coober Pedy,3:20pm,Bus,landed,15/07/2026
57,VA231,Melbourne,3:35pm,14,landed,15/07/2026
58,QF687,Melbourne,3:38pm,22,landed,15/07/2026
59,QF2549,Canberra,3:51pm,50,landed,15/07/2026
60,JQ680,Hobart,5:00pm,21,landed,15/07/2026
61,QF739,Sydney,3:57pm,23,landed,15/07/2026
62,VA1448,Gold Coast,5:15pm,14,landed,15/07/2026
63,VA1746,Alice Springs,5:50pm,13,landed,15/07/2026
64,JQ764,Sydney,6:15pm,26,landed,15/07/2026
65,QF1283,Brisbane,4:36pm,24,landed,15/07/2026
66,QQ3161,Olympic Dam,5:15pm,20,landed,15/07/2026
67,JQ778,Melbourne,6:15pm,21,landed,15/07/2026
68,QF1905,Darwin,5:36pm,23,landed,15/07/2026
69,VA718,Perth,6:05pm,19,landed,15/07/2026
70,QF691,Melbourne,5:39pm,22,landed,15/07/2026
71,NC785,Port Augusta,5:55pm,,landed,15/07/2026
72,QQ3137,Olympic Dam,6:00pm,,landed,15/07/2026
73,QF886,Perth,6:13pm,24,landed,15/07/2026
74,VA1398,Brisbane,5:45pm,12,landed,15/07/2026
75,VA237,Melbourne,6:10pm,15,landed,15/07/2026
76,ZL4389,Port Lincoln,6:30pm,Bus,landed,15/07/2026
77,ZL4135,Ceduna,6:30pm,Bus,landed,15/07/2026
78,QF2576,Whyalla,6:09pm,,landed,15/07/2026
79,ZL4632,Mount Gambier,6:20pm,Bus,landed,15/07/2026
80,QF741,Sydney,6:22pm,20,landed,15/07/2026
81,QF2588,Port Lincoln,6:34pm,,landed,15/07/2026
82,JQ766,Sydney,7:00pm,25,landed,15/07/2026
83,QF693,Melbourne,6:51pm,23,landed,15/07/2026
84,QF743,Sydney,7:09pm,22,landed,15/07/2026
85,VA434,Sydney,7:20pm,13,landed,15/07/2026
86,JQ621,Avalon,8:55pm,25,landed,15/07/2026
87,QF697,Melbourne,7:53pm,21,landed,15/07/2026
88,NC239,Prominent Hill,7:55pm,,landed,15/07/2026
89,JQ497,Gold Coast,10:55pm,12,landed,15/07/2026
90,QF1799,Canberra,8:20pm,24,landed,15/07/2026
91,VA442,Sydney,8:50pm,14,landed,15/07/2026
92,QQ3149,Olympic Dam,9:00pm,,landed,15/07/2026
93,JQ780,Melbourne,9:01pm,26,landed,15/07/2026
94,VA247,Melbourne,9:05pm,15,landed,15/07/2026
95,QF1811,Brisbane,8:58pm,22,landed,15/07/2026
96,QF888,Perth,9:18pm,23,landed,15/07/2026
97,JQ782,Melbourne,9:52pm,22,landed,15/07/2026
98,JQ768,Sydney,9:40pm,12,landed,15/07/2026
99,QQ3153,Olympic Dam,10:00pm,,landed,15/07/2026
100,VA1404,Brisbane,9:45pm,13,landed,15/07/2026
101,JQ689,Darwin,10:25pm,26,landed,15/07/2026
102,QF749,Sydney,10:13pm,19,landed,15/07/2026
0,QF671,Melbourne,7:02am,23,landed,16/07/2026
1,QF2580,Port Lincoln,7:07am,,landed,16/07/2026
2,ZL4351,Port Lincoln,7:50am,Bus,landed,16/07/2026
3,JQ776,Melbourne,8:03am,25,landed,16/07/2026
4,QF731,Sydney,7:47am,24,landed,16/07/2026
5,VA211,Melbourne,7:55am,13,landed,16/07/2026
6,ZL4612,Mount Gambier,8:05am,Bus,landed,16/07/2026
7,JQ760,Sydney,7:55am,26,landed,16/07/2026
8,VA1384,Brisbane,8:15am,14,landed,16/07/2026
9,QF1277,Brisbane,8:25am,23,landed,16/07/2026
10,VA404,Sydney,8:35am,12,landed,16/07/2026
11,NC787,Carrapateena,9:00am,,landed,16/07/2026
12,QF2572,Whyalla,9:33am,,landed,16/07/2026
13,QF2551,Canberra,9:06am,50,landed,16/07/2026
14,JQ800,Brisbane,9:20am,26,landed,16/07/2026
15,QF675,Melbourne,9:20am,24,landed,16/07/2026
16,QQ3103,Olympic Dam,9:16am,15,landed,16/07/2026
17,NC233,Prominent Hill,9:35am,,landed,16/07/2026
18,QF1993,Sydney,9:22am,25,landed,16/07/2026
19,QQ3105,Olympic Dam,9:44am,,landed,16/07/2026
20,QF882,Perth,9:48am,23,landed,16/07/2026
21,QF1907,Darwin,9:57am,22,landed,16/07/2026
22,QF2582,Port Lincoln,9:50am,,landed,16/07/2026
23,VA217,Melbourne,10:10am,14,landed,16/07/2026
24,JQ961,Cairns,10:06am,21,landed,16/07/2026
25,ZL4357,Port Lincoln,10:20am,Bus,landed,16/07/2026
26,ZL4125,Ceduna,10:25am,Bus,landed,16/07/2026
27,QF1795,Canberra,10:05am,19,landed,16/07/2026
28,JQ774,Melbourne,10:50am,26,landed,16/07/2026
29,VA412,Sydney,11:17am,14,landed,16/07/2026
30,NC243,Port Augusta,10:17am,,landed,16/07/2026
31,QF733,Sydney,10:51am,20,landed,16/07/2026
32,VA219,Melbourne,10:55am,15,landed,16/07/2026
33,VA1388,Brisbane,10:35am,12,landed,16/07/2026
34,QF1803,Brisbane,11:07am,24,landed,16/07/2026
35,JQ762,Sydney,11:20am,22,landed,16/07/2026
36,QF679,Melbourne,11:25am,23,landed,16/07/2026
37,QF2561,Kingscote,11:11am,50,landed,16/07/2026
38,ZL4618,Mount Gambier,12:20pm,Bus,landed,16/07/2026
39,VA712,Perth,11:25am,13,landed,16/07/2026
40,VA414,Sydney,11:45am,19,landed,16/07/2026
41,QF735,Sydney,11:58am,26,landed,16/07/2026
42,QF1805,Brisbane,12:23pm,20,landed,16/07/2026
43,QF1817,Alice Springs,12:36pm,22,landed,16/07/2026
44,JQ963,Cairns,1:02pm,25,landed,16/07/2026
45,NC783,Carrapateena,1:00pm,,landed,16/07/2026
46,QF1909,Newcastle,12:49pm,21,landed,16/07/2026
47,JQ499,Gold Coast,1:28pm,26,landed,16/07/2026
48,QF884,Perth,1:10pm,23,landed,16/07/2026
49,ZL4367,Port Lincoln,1:35pm,Bus,landed,16/07/2026
50,QF683,Melbourne,1:44pm,24,landed,16/07/2026
51,QF737,Sydney,1:37pm,22,landed,16/07/2026
52,ZL4823,Broken Hill,1:45pm,Bus,landed,16/07/2026
53,QQ3119,Olympic Dam,1:45pm,,landed,16/07/2026
54,VA227,Melbourne,1:50pm,13,landed,16/07/2026
55,VA418,Sydney,1:45pm,14,landed,16/07/2026
56,JQ859,Perth,2:15pm,25,landed,16/07/2026
57,QQ8629,Moomba,2:42pm,,landed,16/07/2026
58,VA229,Melbourne,2:45pm,14,landed,16/07/2026
59,ZL4377,Port Lincoln,3:10pm,Bus,landed,16/07/2026
60,QF2586,Port Lincoln,3:27pm,,landed,16/07/2026
61,QF1797,Canberra,3:10pm,21,landed,16/07/2026
62,QF687,Melbourne,3:37pm,22,landed,16/07/2026
63,VA231,Melbourne,3:52pm,14,landed,16/07/2026
64,QF739,Sydney,4:11pm,23,landed,16/07/2026
65,VA1448,Gold Coast,4:35pm,13,landed,16/07/2026
66,VA716,Perth,4:25pm,12,landed,16/07/2026
67,JQ764,Sydney,5:00pm,25,landed,16/07/2026
68,JQ111,Denpasar,4:20pm,,landed,16/07/2026
69,QF1283,Brisbane,5:10pm,21,landed,16/07/2026
70,VA233,Melbourne,5:00pm,14,landed,16/07/2026
71,JQ778,Melbourne,5:12pm,26,landed,16/07/2026
72,NC239,Prominent Hill,5:15pm,,landed,16/07/2026
73,ZL4135,Ceduna,5:30pm,Bus,landed,16/07/2026
74,QF1905,Darwin,6:14pm,23,landed,16/07/2026
75,QF691,Melbourne,5:36pm,22,landed,16/07/2026
76,JQ807,Maroochydore,5:48pm,25,landed,16/07/2026
77,NC245,Port Augusta,5:55pm,,landed,16/07/2026
78,QF886,Perth,5:58pm,24,landed,16/07/2026
79,NC785,Carrapateena,6:05pm,,landed,16/07/2026
80,VA1398,Brisbane,5:47pm,13,landed,16/07/2026
81,ZL4389,Port Lincoln,6:10pm,Bus,landed,16/07/2026
82,VA237,Melbourne,6:15pm,19,landed,16/07/2026
83,QF2576,Whyalla,5:59pm,,landed,16/07/2026
84,ZL4632,Mount Gambier,6:20pm,Bus,landed,16/07/2026
85,VA428,Sydney,6:38pm,14,landed,16/07/2026
86,QQ3141,Olympic Dam,6:36pm,20,landed,16/07/2026
87,JQ766,Sydney,6:45pm,21,landed,16/07/2026
88,QF693,Melbourne,6:55pm,22,landed,16/07/2026
89,QF1857,Alice Springs,7:03pm,20,landed,16/07/2026
90,VA1504,Cairns,6:45pm,15,landed,16/07/2026
91,QF743,Sydney,7:03pm,23,landed,16/07/2026
92,VA9318,Olympic Dam,7:10pm,26,landed,16/07/2026
93,QF1809,Brisbane,6:59pm,25,landed,16/07/2026
94,VA434,Sydney,7:12pm,12,landed,16/07/2026
95,QF697,Melbourne,7:47pm,21,landed,16/07/2026
96,QF745,Sydney,8:08pm,22,landed,16/07/2026
97,ZL4397,Port Lincoln,8:20pm,Bus,landed,16/07/2026
98,QF1799,Canberra,8:17pm,24,landed,16/07/2026
99,JQ621,Avalon,8:40pm,26,landed,16/07/2026
100,JQ804,Brisbane,9:10pm,25,landed,16/07/2026
101,VA442,Sydney,9:40pm,13,landed,16/07/2026
102,VA247,Melbourne,8:55pm,12,landed,16/07/2026
103,JQ780,Melbourne,9:35pm,26,landed,16/07/2026
104,QF1811,Brisbane,8:58pm,21,landed,16/07/2026
105,VA579,Canberra,9:07pm,14,landed,16/07/2026
106,QF888,Perth,9:14pm,23,landed,16/07/2026
107,JQ782,Melbourne,9:50pm,24,landed,16/07/2026
108,JQ768,Sydney,10:30pm,26,landed,16/07/2026
109,VA1404,Brisbane,9:43pm,15,landed,16/07/2026
110,VA722,Perth,10:51pm,13,landed,16/07/2026
111,JQ689,Darwin,10:15pm,18,landed,16/07/2026
112,QF749,Sydney,10:20pm,20,landed,16/07/2026
0,QF671,Melbourne,6:54am,23,landed,17/07/2026
1,QF2580,Port Lincoln,7:04am,,landed,17/07/2026
2,ZL4351,Port Lincoln,7:50am,Bus,landed,17/07/2026
3,JQ776,Melbourne,8:15am,21,landed,17/07/2026
4,VA211,Melbourne,7:50am,14,landed,17/07/2026
5,QF731,Sydney,8:00am,22,landed,17/07/2026
6,ZL4612,Mount Gambier,8:05am,Bus,landed,17/07/2026
7,JQ760,Sydney,8:16am,25,landed,17/07/2026
8,VA1384,Brisbane,8:20am,13,landed,17/07/2026
9,QF1277,Brisbane,8:27am,24,landed,17/07/2026
10,VA404,Sydney,8:45am,15,landed,17/07/2026
11,QF2572,Whyalla,1:27pm,50,landed,17/07/2026
12,NC245,Prominent Hill,9:05am,,landed,17/07/2026
13,QF2551,Canberra,9:10am,50,landed,17/07/2026
14,JQ800,Brisbane,9:30am,26,landed,17/07/2026
15,QF675,Melbourne,9:14am,23,landed,17/07/2026
16,QF1993,Sydney,9:37am,22,landed,17/07/2026
17,ZL4819,Broken Hill,12:10pm,Bus,landed,17/07/2026
18,QF882,Perth,9:32am,21,landed,17/07/2026
19,QF1907,Darwin,10:05am,19,landed,17/07/2026
20,QF2582,Port Lincoln,9:50am,50,landed,17/07/2026
21,VA217,Melbourne,10:30am,14,landed,17/07/2026
22,QQ3111,Olympic Dam,10:00am,,landed,17/07/2026
23,ZL4357,Port Lincoln,10:10am,Bus,landed,17/07/2026
24,JQ857,Perth,10:10am,25,landed,17/07/2026
25,QF1795,Canberra,10:11am,20,landed,17/07/2026
26,NC233,Prominent Hill,10:30am,,landed,17/07/2026
27,JQ774,Melbourne,10:45am,26,landed,17/07/2026
28,NC783,Port Augusta,10:00am,,landed,17/07/2026
29,VA412,Sydney,11:00am,15,landed,17/07/2026
30,VA219,Melbourne,11:05am,13,landed,17/07/2026
31,QF733,Sydney,11:16am,21,landed,17/07/2026
32,VA1388,Brisbane,10:50am,12,landed,17/07/2026
33,QF1803,Brisbane,11:01am,23,landed,17/07/2026
34,JQ762,Sydney,11:25am,19,landed,17/07/2026
35,QF679,Melbourne,12:08pm,23,landed,17/07/2026
36,QF2561,Kingscote,11:15am,,landed,17/07/2026
37,ZL4618,Mount Gambier,11:55am,Bus,landed,17/07/2026
38,VA712,Perth,11:25am,14,landed,17/07/2026
39,QQ8623,Moomba,11:30am,,landed,17/07/2026
40,JQ772,Melbourne,11:47am,25,landed,17/07/2026
41,ZL9381,Ceduna,11:35am,Bus,landed,17/07/2026
42,VA414,Sydney,11:45am,15,landed,17/07/2026
43,QF735,Sydney,11:35am,22,landed,17/07/2026
44,QF1805,Brisbane,12:24pm,21,landed,17/07/2026
45,QF1817,Alice Springs,2:14pm,22,landed,17/07/2026
46,JQ963,Cairns,1:00pm,25,landed,17/07/2026
47,QF1909,Newcastle,1:05pm,22,landed,17/07/2026
48,JQ499,Gold Coast,1:30pm,26,landed,17/07/2026
49,QF884,Perth,1:10pm,20,landed,17/07/2026
50,JQ802,Brisbane,1:45pm,21,landed,17/07/2026
51,ZL4367,Port Lincoln,1:35pm,Bus,landed,17/07/2026
52,QF683,Melbourne,1:35pm,23,landed,17/07/2026
53,QF737,Sydney,1:27pm,19,landed,17/07/2026
54,VA227,Melbourne,2:20pm,13,landed,17/07/2026
55,VA418,Sydney,1:40pm,14,landed,17/07/2026
56,JQ770,Sydney,3:15pm,26,landed,17/07/2026
57,ZL4825,Broken Hill,3:30pm,Bus,landed,17/07/2026
58,ZL4487,Coober Pedy,4:25pm,Bus,landed,17/07/2026
59,QF2586,Port Lincoln,3:27pm,,landed,17/07/2026
60,QF1797,Canberra,3:24pm,23,landed,17/07/2026
61,VA231,Melbourne,3:35pm,13,landed,17/07/2026
62,QF687,Melbourne,3:53pm,24,landed,17/07/2026
63,JQ680,Hobart,4:05pm,25,landed,17/07/2026
64,QF739,Sydney,4:06pm,21,landed,17/07/2026
65,VA1746,Alice Springs,4:50pm,14,landed,17/07/2026
66,VA1448,Gold Coast,5:10pm,16,landed,17/07/2026
67,JQ764,Sydney,4:50pm,26,landed,17/07/2026
68,QF1283,Brisbane,4:41pm,24,landed,17/07/2026
69,NC237,Port Augusta,4:10pm,50,landed,17/07/2026
70,VA233,Melbourne,4:55pm,12,early,17/07/2026
71,JQ778,Melbourne,5:14pm,25,landed,17/07/2026
72,ZL4135,Ceduna,5:30pm,Bus,landed,17/07/2026
73,VA718,Perth,5:30pm,13,landed,17/07/2026
74,QF1905,Darwin,5:37pm,22,landed,17/07/2026
75,QF691,Melbourne,5:40pm,24,landed,17/07/2026
76,NC785,Port Augusta,5:20pm,,landed,17/07/2026
77,QF886,Perth,5:42pm,20,landed,17/07/2026
78,VA237,Melbourne,6:05pm,16,landed,17/07/2026
79,VA1398,Brisbane,6:05pm,15,landed,17/07/2026
80,QQ3137,Olympic Dam,6:10pm,50,landed,17/07/2026
81,ZL4389,Port Lincoln,6:55pm,Bus,landed,17/07/2026
82,QF2576,Whyalla,5:49pm,,landed,17/07/2026
83,ZL4632,Mount Gambier,6:50pm,Bus,landed,17/07/2026
84,QF2563,Kingscote,6:07pm,,landed,17/07/2026
85,QF741,Sydney,6:13pm,21,landed,17/07/2026
86,VA428,Sydney,6:25pm,14,landed,17/07/2026
87,ZL9383,Ceduna,6:40pm,Bus,landed,17/07/2026
88,JQ766,Sydney,6:45pm,26,landed,17/07/2026
89,QF693,Melbourne,6:50pm,24,landed,17/07/2026
90,QF743,Sydney,6:45pm,23,landed,17/07/2026
91,VA241,Melbourne,7:20pm,13,landed,17/07/2026
92,QF1809,Brisbane,7:02pm,22,landed,17/07/2026
93,VA434,Sydney,7:10pm,15,landed,17/07/2026
94,JQ621,Avalon,7:30pm,25,landed,17/07/2026
95,QF697,Melbourne,7:55pm,26,landed,17/07/2026
96,ZL4397,Port Lincoln,8:20pm,Bus,landed,17/07/2026
97,QF745,Sydney,8:24pm,21,landed,17/07/2026
98,JQ497,Gold Coast,8:35pm,16,landed,17/07/2026
99,QF1799,Canberra,8:28pm,23,landed,17/07/2026
100,VA442,Sydney,9:35pm,15,landed,17/07/2026
101,VA247,Melbourne,9:00pm,13,landed,17/07/2026
102,JQ780,Melbourne,9:25pm,26,landed,17/07/2026
103,QF1811,Brisbane,9:08pm,24,landed,17/07/2026
104,VA579,Canberra,9:30pm,14,landed,17/07/2026
105,QF888,Perth,9:13pm,22,landed,17/07/2026
106,JQ782,Melbourne,9:50pm,25,landed,17/07/2026
107,JQ768,Sydney,10:48pm,26,landed,17/07/2026
108,VA1404,Brisbane,9:50pm,13,landed,17/07/2026
109,VA722,Perth,9:55pm,12,landed,17/07/2026
110,JQ689,Darwin,10:29pm,18,landed,17/07/2026
111,QF749,Sydney,10:18pm,19,landed,17/07/2026
0,QF671,Melbourne,6:55am,22,landed,18/07/2026
1,QF2580,Port Lincoln,7:12am,50,landed,18/07/2026
2,JQ776,Melbourne,9:05am,25,landed,18/07/2026
3,VA211,Melbourne,8:08am,14,landed,18/07/2026
4,ZL4612,Mount Gambier,12:30pm,Bus,landed,18/07/2026
5,JQ760,Sydney,7:55am,26,landed,18/07/2026
6,QF1801,Brisbane,8:28am,23,landed,18/07/2026
7,VA404,Sydney,8:50am,13,landed,18/07/2026
8,ZL4353,Port Lincoln,9:10am,Bus,landed,18/07/2026
9,JQ800,Brisbane,9:05am,21,landed,18/07/2026
10,QF675,Melbourne,9:20am,20,landed,18/07/2026
11,QF1993,Sydney,9:40am,24,landed,18/07/2026
12,QF1907,Darwin,9:53am,22,landed,18/07/2026
13,QQ3205,Olympic Dam,10:00am,19,landed,18/07/2026
14,QF2582,Port Lincoln,9:48am,50,landed,18/07/2026
15,VA217,Melbourne,9:55am,14,landed,18/07/2026
16,JQ961,Cairns,10:00am,26,landed,18/07/2026
17,QF1795,Canberra,10:15am,23,landed,18/07/2026
18,JQ774,Melbourne,10:30am,21,landed,18/07/2026
19,VA412,Sydney,10:50am,15,landed,18/07/2026
20,ZL4363,Port Lincoln,11:25am,Bus,landed,18/07/2026
21,VA219,Melbourne,10:47am,16,landed,18/07/2026
22,QF733,Sydney,11:03am,20,landed,18/07/2026
23,VA1388,Brisbane,10:50am,13,landed,18/07/2026
24,QF679,Melbourne,11:17am,22,landed,18/07/2026
25,JQ762,Sydney,11:20am,25,landed,18/07/2026
26,QF2561,Kingscote,11:09am,50,landed,18/07/2026
27,VA712,Perth,11:15am,14,landed,18/07/2026
28,JQ772,Melbourne,11:25am,26,landed,18/07/2026
29,QF735,Sydney,11:34am,23,landed,18/07/2026
30,QF7881,Brisbane,12:15pm,20,landed,18/07/2026
31,QF1281,Brisbane,12:30pm,,cancelled,18/07/2026
32,QF1817,Alice Springs,12:33pm,22,landed,18/07/2026
33,JQ963,Cairns,12:45pm,25,landed,18/07/2026
34,JQ499,Gold Coast,1:29pm,26,landed,18/07/2026
35,JQ859,Perth,1:36pm,21,landed,18/07/2026
36,QF884,Perth,1:07pm,19,landed,18/07/2026
37,QF683,Melbourne,1:25pm,23,landed,18/07/2026
38,ZL4367,Port Lincoln,2:40pm,Bus,landed,18/07/2026
39,QF737,Sydney,1:34pm,20,landed,18/07/2026
40,VA227,Melbourne,1:40pm,15,landed,18/07/2026
41,VA418,Sydney,1:50pm,16,landed,18/07/2026
42,QF2586,Port Lincoln,3:13pm,50,landed,18/07/2026
43,QF687,Melbourne,3:35pm,23,landed,18/07/2026
44,VA424,Sydney,3:50pm,13,landed,18/07/2026
45,QF739,Sydney,4:11pm,22,landed,18/07/2026
46,VA1448,Gold Coast,4:20pm,12,landed,18/07/2026
47,JQ764,Sydney,4:42pm,25,landed,18/07/2026
48,JQ111,Denpasar,4:15pm,16,landed,18/07/2026
49,QF1807,Brisbane,4:30pm,21,landed,18/07/2026
50,VA233,Melbourne,5:10pm,14,landed,18/07/2026
51,JQ778,Melbourne,5:10pm,26,landed,18/07/2026
52,VA718,Perth,5:10pm,15,landed,18/07/2026
53,QF1905,Darwin,5:59pm,24,landed,18/07/2026
54,QF691,Melbourne,5:45pm,22,landed,18/07/2026
55,JQ807,Maroochydore,5:36pm,25,landed,18/07/2026
56,NC743,Carrapateena,6:05pm,50,unknown,18/07/2026
57,VA1398,Brisbane,5:36pm,13,landed,18/07/2026
58,QF741,Sydney,6:01pm,21,landed,18/07/2026
59,JQ766,Sydney,6:35pm,26,landed,18/07/2026
60,QF693,Melbourne,6:52pm,23,landed,18/07/2026
61,VA1504,Cairns,6:50pm,14,landed,18/07/2026
62,VA241,Melbourne,6:55pm,16,landed,18/07/2026
63,QF1809,Brisbane,7:04pm,25,landed,18/07/2026
64,QF697,Melbourne,7:48pm,22,landed,18/07/2026
65,VAVA720,Perth,7:45pm,12,landed,18/07/2026
66,JQ804,Brisbane,9:30pm,26,landed,18/07/2026
67,JQ621,Avalon,8:52pm,16,landed,18/07/2026
68,QF888,Perth,9:03pm,23,landed,18/07/2026
69,JQ782,Melbourne,9:32pm,25,landed,18/07/2026
70,JQ768,Sydney,9:43pm,15,landed,18/07/2026
71,JQ689,Darwin,10:11pm,18,landed,18/07/2026
72,QF749,Sydney,10:17pm,24,landed,18/07/2026
0,QF671,Melbourne,6:56am,21,landed,19/07/2026
1,JQ776,Melbourne,8:05am,25,landed,19/07/2026
2,VA211,Melbourne,8:05am,13,landed,19/07/2026
3,JQ760,Sydney,7:45am,26,landed,19/07/2026
4,VA404,Sydney,9:00am,12,landed,19/07/2026
5,JQ800,Brisbane,9:10am,21,landed,19/07/2026
6,QF675,Melbourne,9:31am,22,landed,19/07/2026
7,QF1907,Darwin,9:50am,20,landed,19/07/2026
8,QF2582,Port Lincoln,9:44am,,landed,19/07/2026
9,VA217,Melbourne,10:00am,13,landed,19/07/2026
10,JQ961,Cairns,10:14am,25,landed,19/07/2026
11,JQ857,Perth,10:16am,26,landed,19/07/2026
12,QF1795,Canberra,10:22am,24,landed,19/07/2026
13,JQ774,Melbourne,10:30am,21,landed,19/07/2026
14,VA412,Sydney,11:00am,12,landed,19/07/2026
15,ZL4363,Port Lincoln,11:25am,Bus,landed,19/07/2026
16,VA219,Melbourne,11:05am,15,landed,19/07/2026
17,QF733,Sydney,11:07am,23,landed,19/07/2026
18,VA1388,Brisbane,10:55am,14,landed,19/07/2026
19,JQ762,Sydney,11:05am,25,landed,19/07/2026
20,QF1803,Brisbane,11:10am,22,landed,19/07/2026
21,QF679,Melbourne,11:12am,20,landed,19/07/2026
22,VA712,Perth,11:05am,16,landed,19/07/2026
23,JQ772,Melbourne,11:28am,26,landed,19/07/2026
24,QF735,Sydney,11:35am,21,landed,19/07/2026
25,QF1805,Brisbane,12:15pm,19,landed,19/07/2026
26,QF1817,Alice Springs,12:27pm,24,landed,19/07/2026
27,QF2584,Port Lincoln,12:29pm,,landed,19/07/2026
28,JQ963,Cairns,1:00pm,26,landed,19/07/2026
29,JQ499,Gold Coast,4:35pm,24,landed,19/07/2026
30,QF884,Perth,1:08pm,20,landed,19/07/2026
31,JQ802,Brisbane,1:25pm,25,landed,19/07/2026
32,ZL4367,Port Lincoln,1:25pm,Bus,landed,19/07/2026
33,QF683,Melbourne,1:35pm,22,landed,19/07/2026
34,QF737,Sydney,1:16pm,23,landed,19/07/2026
35,VA227,Melbourne,2:25pm,14,landed,19/07/2026
36,VA418,Sydney,1:55pm,15,landed,19/07/2026
37,QF2574,Whyalla,1:56pm,50,landed,19/07/2026
38,JQ770,Sydney,4:00pm,25,landed,19/07/2026
39,ZL4825,Broken Hill,3:45pm,Bus,landed,19/07/2026
40,ZL4377,Port Lincoln,3:00pm,Bus,landed,19/07/2026
41,QF2551,Canberra,3:08pm,,landed,19/07/2026
42,QF2586,Port Lincoln,4:14pm,50,landed,19/07/2026
43,QF1797,Canberra,3:16pm,21,landed,19/07/2026
44,QF1909,Newcastle,3:21pm,13,landed,19/07/2026
45,QF687,Melbourne,3:34pm,22,landed,19/07/2026
46,VA231,Melbourne,3:40pm,14,landed,19/07/2026
47,JQ680,Hobart,3:39pm,26,landed,19/07/2026
48,VA424,Sydney,3:50pm,16,landed,19/07/2026
49,QF739,Sydney,4:04pm,23,landed,19/07/2026
50,VA1448,Gold Coast,4:25pm,15,landed,19/07/2026
51,JQ764,Sydney,4:45pm,26,landed,19/07/2026
52,QF1283,Brisbane,4:30pm,21,landed,19/07/2026
53,VA233,Melbourne,5:00pm,13,landed,19/07/2026
54,JQ778,Melbourne,5:50pm,25,landed,19/07/2026
55,ZL4135,Ceduna,5:30pm,Bus,landed,19/07/2026
56,VA718,Perth,5:25pm,12,landed,19/07/2026
57,QF1905,Darwin,5:40pm,17,cancelled,19/07/2026
58,QF691,Melbourne,5:32pm,23,landed,19/07/2026
59,QF886,Perth,5:42pm,22,landed,19/07/2026
60,NC743,Carrapateena,6:05pm,50,unknown,19/07/2026
61,VA1398,Brisbane,5:55pm,16,landed,19/07/2026
62,VA237,Melbourne,6:05pm,14,landed,19/07/2026
63,ZL4389,Port Lincoln,6:25pm,Bus,landed,19/07/2026
64,QF2576,Whyalla,5:55pm,,landed,19/07/2026
65,ZL4632,Mount Gambier,7:10pm,Bus,landed,19/07/2026
66,QF741,Sydney,6:09pm,20,landed,19/07/2026
67,VA428,Sydney,6:15pm,13,landed,19/07/2026
68,QF2563,Kingscote,6:22pm,,landed,19/07/2026
69,JQ766,Sydney,6:43pm,26,landed,19/07/2026
70,QF693,Melbourne,6:41pm,21,landed,19/07/2026
71,QQ3241,Olympic Dam,7:08pm,,landed,19/07/2026
72,QF743,Sydney,6:58pm,23,landed,19/07/2026
73,VA241,Melbourne,7:00pm,15,landed,19/07/2026
74,QF1809,Brisbane,6:54pm,22,landed,19/07/2026
75,VA434,Sydney,7:35pm,16,landed,19/07/2026
76,JQ621,Avalon,7:29pm,25,landed,19/07/2026
77,QF697,Melbourne,7:55pm,24,landed,19/07/2026
78,ZL4397,Port Lincoln,8:20pm,Bus,unknown,19/07/2026
79,JQ497,Gold Coast,8:35pm,26,landed,19/07/2026
80,QF1799,Canberra,8:26pm,15,landed,19/07/2026
81,VA442,Sydney,9:00pm,13,landed,19/07/2026
82,JQ780,Melbourne,9:01pm,21,landed,19/07/2026
83,VA247,Melbourne,9:15pm,16,landed,19/07/2026
84,QF1811,Brisbane,9:15pm,25,landed,19/07/2026
85,VA579,Canberra,9:05pm,14,landed,19/07/2026
86,QF888,Perth,8:55pm,22,landed,19/07/2026
87,JQ782,Melbourne,10:00pm,18,landed,19/07/2026
88,JQ768,Sydney,10:15pm,21,landed,19/07/2026
89,VA1404,Brisbane,9:45pm,12,landed,19/07/2026
90,VA722,Perth,9:50pm,13,landed,19/07/2026
91,JQ689,Darwin,10:30pm,16,landed,19/07/2026
92,QF749,Sydney,10:29pm,20,landed,19/07/2026
0,VA203,Melbourne,7:05am,12,landed,20/07/2026
1,QF671,Melbourne,6:58am,22,landed,20/07/2026
2,QF2580,Port Lincoln,7:05am,,landed,20/07/2026
3,ZL4351,Port Lincoln,7:50am,Bus,landed,20/07/2026
4,JQ776,Melbourne,8:02am,25,landed,20/07/2026
5,QF731,Sydney,7:52am,23,landed,20/07/2026
6,VA211,Melbourne,8:00am,14,landed,20/07/2026
7,ZL4612,Mount Gambier,8:05am,Bus,landed,20/07/2026
8,JQ760,Sydney,8:25am,21,landed,20/07/2026
9,VA1384,Brisbane,8:40am,13,landed,20/07/2026
10,QF1277,Brisbane,8:32am,22,landed,20/07/2026
11,VA404,Sydney,9:00am,12,landed,20/07/2026
12,QF2572,Whyalla,8:40am,,landed,20/07/2026
13,QQ3101,Olympic Dam,9:00am,,landed,20/07/2026
14,QF2551,Canberra,9:13am,,landed,20/07/2026
15,JQ800,Brisbane,9:17am,26,landed,20/07/2026
16,QF675,Melbourne,9:28am,24,landed,20/07/2026
17,QF1993,Sydney,9:40am,14,landed,20/07/2026
18,ZL4819,Broken Hill,11:45am,Bus,landed,20/07/2026
19,QF882,Perth,9:37am,23,landed,20/07/2026
20,QF1907,Darwin,9:59am,22,landed,20/07/2026
21,QF2582,Port Lincoln,9:53am,,landed,20/07/2026
22,VA217,Melbourne,10:20am,13,landed,20/07/2026
23,ZL4357,Port Lincoln,10:20am,Bus,landed,20/07/2026
24,JQ857,Perth,10:26am,25,landed,20/07/2026
25,ZL4125,Ceduna,10:15am,Bus,landed,20/07/2026
26,NC233,Prominent Hill,10:10am,,landed,20/07/2026
27,QF1795,Canberra,10:30am,17,cancelled,20/07/2026
28,JQ774,Melbourne,10:40am,26,landed,20/07/2026
29,VA412,Sydney,10:50am,15,landed,20/07/2026
30,QQ3109,Olympic Dam,10:55am,,landed,20/07/2026
31,VA219,Melbourne,11:15am,12,landed,20/07/2026
32,QF733,Sydney,11:17am,25,landed,20/07/2026
33,VA1388,Brisbane,10:55am,16,landed,20/07/2026
34,JQ762,Sydney,11:00am,20,landed,20/07/2026
35,QF1803,Brisbane,11:00am,23,landed,20/07/2026
36,QF679,Melbourne,11:25am,22,landed,20/07/2026
37,QF2561,Kingscote,11:21am,,landed,20/07/2026
38,ZL4618,Mount Gambier,11:25am,Bus,landed,20/07/2026
39,VA712,Perth,11:10am,13,landed,20/07/2026
40,JQ772,Melbourne,11:45am,21,landed,20/07/2026
41,VA414,Sydney,11:45am,14,landed,20/07/2026
42,QF735,Sydney,12:04pm,24,landed,20/07/2026
43,QF1805,Brisbane,12:35pm,22,landed,20/07/2026
44,QF1817,Alice Springs,12:36pm,25,landed,20/07/2026
45,JQ963,Cairns,1:10pm,21,landed,20/07/2026
46,QF1909,Newcastle,1:03pm,15,landed,20/07/2026
47,JQ499,Gold Coast,1:16pm,24,landed,20/07/2026
48,QF884,Perth,1:06pm,23,landed,20/07/2026
49,QQ8627,Moomba,1:30pm,,landed,20/07/2026
50,QF683,Melbourne,1:31pm,22,landed,20/07/2026
51,ZL4367,Port Lincoln,1:35pm,Bus,landed,20/07/2026
52,QF737,Sydney,1:37pm,20,landed,20/07/2026
53,VA227,Melbourne,1:35pm,16,landed,20/07/2026
54,VA418,Sydney,1:55pm,13,landed,20/07/2026
55,JQ859,Perth,2:50pm,25,landed,20/07/2026
56,ZL4487,Coober Pedy,4:50pm,Bus,landed,20/07/2026
57,ZL4377,Port Lincoln,3:10pm,Bus,landed,20/07/2026
58,QF2586,Port Lincoln,3:09pm,,landed,20/07/2026
59,QF1797,Canberra,3:32pm,21,landed,20/07/2026
60,VA231,Melbourne,3:40pm,14,landed,20/07/2026
61,QF687,Melbourne,3:53pm,23,landed,20/07/2026
62,JQ680,Hobart,4:30pm,21,landed,20/07/2026
63,QF739,Sydney,4:10pm,22,landed,20/07/2026
64,VA1448,Gold Coast,4:30pm,13,landed,20/07/2026
65,VA1746,Alice Springs,10:10pm,15,landed,20/07/2026
66,QF1283,Brisbane,4:52pm,23,landed,20/07/2026
67,VA233,Melbourne,5:05pm,14,landed,20/07/2026
68,JQ778,Melbourne,7:00pm,25,landed,20/07/2026
69,QF1905,Darwin,5:27pm,24,landed,20/07/2026
70,VA718,Perth,5:30pm,21,landed,20/07/2026
71,QF691,Melbourne,5:38pm,22,landed,20/07/2026
72,NC217,Port Augusta,5:25pm,,landed,20/07/2026
73,QQ3137,Olympic Dam,6:00pm,26,landed,20/07/2026
74,QF886,Perth,6:00pm,23,landed,20/07/2026
75,NC783,Carrapateena,6:05pm,,landed,20/07/2026
76,VA1398,Brisbane,5:55pm,15,landed,20/07/2026
77,ZL4389,Port Lincoln,6:00pm,Bus,landed,20/07/2026
78,VA237,Melbourne,6:20pm,13,landed,20/07/2026
79,QF2576,Whyalla,5:55pm,,landed,20/07/2026
80,ZL4632,Mount Gambier,6:20pm,Bus,landed,20/07/2026
81,ZL9943,Perth,6:40pm,Bus,landed,20/07/2026
82,QF2563,Kingscote,6:05pm,,landed,20/07/2026
83,QF2588,Port Lincoln,6:10pm,,landed,20/07/2026
84,VA428,Sydney,6:10pm,14,landed,20/07/2026
85,QF693,Melbourne,6:57pm,22,landed,20/07/2026
86,QF1857,Alice Springs,7:17pm,21,landed,20/07/2026
87,QF743,Sydney,7:17pm,24,landed,20/07/2026
88,VA434,Sydney,7:15pm,13,landed,20/07/2026
89,QF1809,Brisbane,7:21pm,26,landed,20/07/2026
90,JQ621,Avalon,8:37pm,22,landed,20/07/2026
91,QF697,Melbourne,8:02pm,23,landed,20/07/2026
92,QF1799,Canberra,8:20pm,21,landed,20/07/2026
93,QQ3149,Olympic Dam,8:48pm,,landed,20/07/2026
94,VA442,Sydney,9:00pm,14,landed,20/07/2026
95,JQ804,Brisbane,10:45pm,16,landed,20/07/2026
96,JQ689,Darwin,9:10pm,26,landed,20/07/2026
97,VA247,Melbourne,9:05pm,13,landed,20/07/2026
98,QF1811,Brisbane,9:03pm,25,landed,20/07/2026
99,QF888,Perth,9:20pm,24,landed,20/07/2026
100,VA579,Canberra,9:05pm,21,landed,20/07/2026
101,QQ3151,Olympic Dam,9:45pm,,landed,20/07/2026
102,JQ782,Melbourne,9:53pm,25,landed,20/07/2026
103,JQ768,Sydney,10:05pm,19,landed,20/07/2026
104,VA1404,Brisbane,10:10pm,12,landed,20/07/2026
105,QF749,Sydney,10:32pm,21,landed,20/07/2026
0,VA203,Melbourne,6:55am,12,landed,21/07/2026
1,QF671,Melbourne,6:56am,23,landed,21/07/2026
2,QF2580,Port Lincoln,7:05am,,landed,21/07/2026
3,ZL4351,Port Lincoln,7:50am,Bus,landed,21/07/2026
4,JQ776,Melbourne,7:55am,25,landed,21/07/2026
5,QF731,Sydney,8:01am,23,landed,21/07/2026
6,VA211,Melbourne,8:05am,13,landed,21/07/2026
7,ZL4612,Mount Gambier,8:05am,Bus,landed,21/07/2026
8,JQ760,Sydney,8:05am,26,landed,21/07/2026
9,VA404,Sydney,8:55am,17,cancelled,21/07/2026
10,QF2572,Whyalla,8:45am,,landed,21/07/2026
11,JQ800,Brisbane,9:20am,25,landed,21/07/2026
12,QF2551,Canberra,9:25am,,landed,21/07/2026
13,QF675,Melbourne,9:27am,23,landed,21/07/2026
14,VA9312,Olympic Dam,9:25am,26,landed,21/07/2026
15,QF1993,Sydney,9:54am,12,landed,21/07/2026
16,QF1907,Darwin,9:33am,24,landed,21/07/2026
17,QF2582,Port Lincoln,9:47am,,landed,21/07/2026
18,VA217,Melbourne,10:05am,16,landed,21/07/2026
19,JQ961,Cairns,10:10am,21,landed,21/07/2026
20,ZL4357,Port Lincoln,10:20am,Bus,landed,21/07/2026
21,JQ774,Melbourne,11:15am,25,landed,21/07/2026
22,QQ3109,Olympic Dam,11:05am,,landed,21/07/2026
23,NC783,Port Augusta,10:45am,,landed,21/07/2026
24,VA412,Sydney,11:05am,15,landed,21/07/2026
25,QF733,Sydney,11:32am,24,landed,21/07/2026
26,VA1388,Brisbane,11:20am,14,landed,21/07/2026
27,JQ762,Sydney,11:20am,26,landed,21/07/2026
28,QF1803,Brisbane,11:26am,22,landed,21/07/2026
29,QF679,Melbourne,11:37am,20,landed,21/07/2026
30,QF2561,Kingscote,10:55am,,landed,21/07/2026
31,ZL4618,Mount Gambier,11:30am,Bus,landed,21/07/2026
32,VA712,Perth,11:18am,13,landed,21/07/2026
33,ZL9381,Ceduna,11:35am,Bus,landed,21/07/2026
34,VA414,Sydney,11:45am,12,landed,21/07/2026
35,NC241,Port Augusta,11:55am,,landed,21/07/2026
36,JQ660,Sydney,1:40pm,23,landed,21/07/2026
37,QF1805,Brisbane,12:42pm,19,landed,21/07/2026
38,QF1817,Alice Springs,12:44pm,24,landed,21/07/2026
39,JQ963,Cairns,12:54pm,25,landed,21/07/2026
40,JQ499,Gold Coast,1:26pm,20,landed,21/07/2026
41,QF1909,Newcastle,1:27pm,21,landed,21/07/2026
42,QF884,Perth,1:34pm,24,landed,21/07/2026
43,QF737,Sydney,1:44pm,19,landed,21/07/2026
44,QQ3119,Olympic Dam,1:35pm,,landed,21/07/2026
45,VA227,Melbourne,1:45pm,13,landed,21/07/2026
46,ZL4823,Broken Hill,1:45pm,Bus,landed,21/07/2026
47,VA418,Sydney,1:55pm,12,landed,21/07/2026
48,NC233,Prominent Hill,2:20pm,,landed,21/07/2026
49,QQ8629,Moomba,2:30pm,,landed,21/07/2026
50,QF687,Melbourne,3:44pm,24,landed,21/07/2026
51,VA231,Melbourne,3:45pm,14,landed,21/07/2026
52,QF2549,Canberra,3:50pm,50,landed,21/07/2026
53,QF739,Sydney,4:30pm,22,landed,21/07/2026
54,VA1448,Gold Coast,4:50pm,13,landed,21/07/2026
55,JQ111,Denpasar,4:29pm,19,landed,21/07/2026
56,QF1283,Brisbane,5:17pm,24,landed,21/07/2026
57,JQ778,Melbourne,5:30pm,25,landed,21/07/2026
58,VA718,Perth,5:45pm,14,landed,21/07/2026
59,QF1905,Darwin,6:55pm,24,landed,21/07/2026
60,QF691,Melbourne,5:39pm,21,landed,21/07/2026
61,JQ807,Maroochydore,6:35pm,25,landed,21/07/2026
62,NC785,Port Augusta,5:05pm,,landed,21/07/2026
63,QQ3137,Olympic Dam,6:00pm,20,landed,21/07/2026
64,QF886,Perth,6:00pm,22,landed,21/07/2026
65,ZL4389,Port Lincoln,6:10pm,Bus,landed,21/07/2026
66,VA1398,Brisbane,6:10pm,12,landed,21/07/2026
67,VA237,Melbourne,6:20pm,13,landed,21/07/2026
68,QF2576,Whyalla,5:50pm,50,landed,21/07/2026
69,ZL4632,Mount Gambier,7:05pm,Bus,landed,21/07/2026
70,QF2588,Port Lincoln,6:34pm,50,landed,21/07/2026
71,QQ3141,Olympic Dam,6:25pm,50,landed,21/07/2026
72,ZL9383,Ceduna,6:40pm,Bus,landed,21/07/2026
73,QF693,Melbourne,6:48pm,21,landed,21/07/2026
74,QF743,Sydney,7:05pm,23,landed,21/07/2026
75,VA1504,Cairns,7:55pm,14,landed,21/07/2026
76,VA434,Sydney,7:15pm,13,landed,21/07/2026
77,QF697,Melbourne,7:52pm,22,landed,21/07/2026
78,QF1799,Canberra,8:54pm,24,landed,21/07/2026
79,VA442,Sydney,8:55pm,12,landed,21/07/2026
80,JQ689,Darwin,11:22pm,16,landed,21/07/2026
81,VA247,Melbourne,9:05pm,14,landed,21/07/2026
82,QF1811,Brisbane,9:23pm,21,landed,21/07/2026
83,QF888,Perth,9:17pm,25,landed,21/07/2026
84,QQ3151,Olympic Dam,9:30pm,,landed,21/07/2026
85,JQ782,Melbourne,10:25pm,26,landed,21/07/2026
86,JQ768,Sydney,10:45pm,19,landed,21/07/2026
87,VA1404,Brisbane,10:10pm,13,landed,21/07/2026
88,QF749,Sydney,10:30pm,20,landed,21/07/2026
0,QF671,Melbourne,7:02am,24,landed,22/07/2026
1,QF2580,Port Lincoln,7:10am,,landed,22/07/2026
2,ZL4351,Port Lincoln,7:50am,Bus,landed,22/07/2026
3,JQ776,Melbourne,8:03am,25,landed,22/07/2026
4,QF731,Sydney,8:04am,21,landed,22/07/2026
5,ZL4612,Mount Gambier,8:05am,Bus,landed,22/07/2026
6,VA211,Melbourne,8:10am,14,landed,22/07/2026
7,JQ760,Sydney,8:07am,26,landed,22/07/2026
8,NC233,Prominent Hill,8:20am,,landed,22/07/2026
9,QF1277,Brisbane,8:51am,23,landed,22/07/2026
10,VA404,Sydney,8:55am,13,landed,22/07/2026
11,QF2572,Whyalla,8:45am,,landed,22/07/2026
12,NC783,Carrapateena,9:00am,,landed,22/07/2026
13,QF2551,Canberra,9:38am,,landed,22/07/2026
14,JQ800,Brisbane,9:30am,25,landed,22/07/2026
15,QF675,Melbourne,9:36am,22,landed,22/07/2026
16,QF1993,Sydney,10:13am,20,landed,22/07/2026
17,ZL4819,Broken Hill,9:50am,Bus,landed,22/07/2026
18,QQ3105,Olympic Dam,9:55am,,landed,22/07/2026
19,QF1907,Darwin,9:31am,24,landed,22/07/2026
20,QF2582,Port Lincoln,9:51am,,landed,22/07/2026
21,VA217,Melbourne,10:45am,14,landed,22/07/2026
22,QQ3115,Olympic Dam,10:15am,,landed,22/07/2026
23,ZL4357,Port Lincoln,10:20am,Bus,landed,22/07/2026
24,JQ857,Perth,11:15am,25,landed,22/07/2026
25,QF1795,Canberra,10:20am,23,landed,22/07/2026
26,JQ774,Melbourne,10:30am,26,landed,22/07/2026
27,NC780,Port Augusta,10:12am,,landed,22/07/2026
28,VA412,Sydney,10:45am,13,landed,22/07/2026
29,QF733,Sydney,11:12am,20,landed,22/07/2026
30,VA219,Melbourne,11:20am,12,landed,22/07/2026
31,VA1388,Brisbane,12:07pm,14,landed,22/07/2026
32,JQ762,Sydney,11:22am,16,landed,22/07/2026
33,QF1803,Brisbane,11:34am,26,landed,22/07/2026
34,QF2561,Kingscote,11:18am,50,landed,22/07/2026
35,ZL4618,Mount Gambier,11:25am,Bus,landed,22/07/2026
36,QF679,Melbourne,11:24am,24,landed,22/07/2026
37,VA712,Perth,11:25am,15,landed,22/07/2026
38,ZL9381,Ceduna,12:40pm,Bus,landed,22/07/2026
39,VA414,Sydney,12:12pm,12,landed,22/07/2026
40,QF735,Sydney,11:52am,20,landed,22/07/2026
41,QQ8623,Moomba,12:05pm,,landed,22/07/2026
42,QF1805,Brisbane,12:43pm,23,landed,22/07/2026
43,QF1817,Alice Springs,12:34pm,25,landed,22/07/2026
44,NC237,Prominent Hill,12:40pm,,landed,22/07/2026
45,JQ963,Cairns,12:50pm,21,landed,22/07/2026
46,JQ499,Gold Coast,1:28pm,19,landed,22/07/2026
47,QF1909,Newcastle,1:40pm,24,landed,22/07/2026
48,QF884,Perth,1:20pm,20,landed,22/07/2026
49,ZL4367,Port Lincoln,1:35pm,Bus,landed,22/07/2026
50,QF683,Melbourne,1:57pm,22,landed,22/07/2026
51,QF737,Sydney,1:35pm,23,landed,22/07/2026
52,VA227,Melbourne,2:05pm,14,delayed,22/07/2026
53,VA418,Sydney,1:55pm,13,landed,22/07/2026
54,ZL4487,Coober Pedy,2:50pm,Bus,landed,22/07/2026
55,ZL4377,Port Lincoln,3:00pm,Bus,landed,22/07/2026
56,QF2549,Canberra,3:54pm,,landed,22/07/2026
57,QF687,Melbourne,4:01pm,23,landed,22/07/2026
58,VA231,Melbourne,4:20pm,14,landed,22/07/2026
59,JQ680,Hobart,3:40pm,25,landed,22/07/2026
60,QF739,Sydney,4:17pm,22,landed,22/07/2026
61,VA1746,Alice Springs,5:25pm,13,landed,22/07/2026
62,VA1448,Gold Coast,6:55pm,15,landed,22/07/2026
63,JQ764,Sydney,4:49pm,24,landed,22/07/2026
64,QF1283,Brisbane,6:11pm,22,landed,22/07/2026
65,QQ3161,Olympic Dam,4:58pm,23,landed,22/07/2026
66,JQ778,Melbourne,5:16pm,25,landed,22/07/2026
67,ZL4135,Ceduna,5:30pm,Bus,landed,22/07/2026
68,VA718,Perth,5:40pm,15,landed,22/07/2026
69,QF691,Melbourne,5:53pm,20,landed,22/07/2026
70,NC785,Port Augusta,5:55pm,,landed,22/07/2026
71,QQ3137,Olympic Dam,6:00pm,26,unknown,22/07/2026
72,QF886,Perth,6:05pm,24,landed,22/07/2026
73,VA237,Melbourne,6:00pm,12,landed,22/07/2026
74,ZL4389,Port Lincoln,6:10pm,Bus,landed,22/07/2026
75,VA1398,Brisbane,6:15pm,14,landed,22/07/2026
76,QF2576,Whyalla,5:48pm,50,landed,22/07/2026
77,ZL4632,Mount Gambier,6:20pm,Bus,landed,22/07/2026
78,QF741,Sydney,6:31pm,21,landed,22/07/2026
79,QF2588,Port Lincoln,6:39pm,50,landed,22/07/2026
80,QF693,Melbourne,7:05pm,23,landed,22/07/2026
81,QF743,Sydney,6:55pm,22,landed,22/07/2026
82,VA434,Sydney,7:25pm,14,unknown,22/07/2026
83,QF1809,Brisbane,7:43pm,21,landed,22/07/2026
84,QF1905,Darwin,5:22pm,21,landed,22/07/2026
85,JQ621,Avalon,7:47pm,25,landed,22/07/2026
86,NC239,Prominent Hill,7:40pm,,landed,22/07/2026
87,QF697,Melbourne,8:10pm,24,landed,22/07/2026
88,ZL4847,Broken Hill,8:20pm,Bus,landed,22/07/2026
89,ZL4397,Port Lincoln,8:00pm,Bus,landed,22/07/2026
90,QF1799,Canberra,8:36pm,26,landed,22/07/2026
91,QQ3149,Olympic Dam,8:45pm,,landed,22/07/2026
92,VA442,Sydney,9:00pm,13,landed,22/07/2026
93,JQ689,Darwin,9:10pm,21,landed,22/07/2026
94,VA247,Melbourne,9:20pm,12,landed,22/07/2026
95,QF1811,Brisbane,9:16pm,14,landed,22/07/2026
96,QF888,Perth,9:25pm,23,landed,22/07/2026
97,JQ782,Melbourne,10:30pm,26,landed,22/07/2026
98,QQ3153,Olympic Dam,9:45pm,,landed,22/07/2026
99,VA1404,Brisbane,10:20pm,14,landed,22/07/2026
100,QF749,Sydney,10:23pm,16,landed,22/07/2026
0,QF671,Melbourne,7:05am,23,landed,23/07/2026
1,QF2580,Port Lincoln,7:12am,,landed,23/07/2026
2,ZL4351,Port Lincoln,7:50am,Bus,landed,23/07/2026
3,JQ776,Melbourne,8:02am,26,landed,23/07/2026
4,ZL4612,Mount Gambier,8:05am,Bus,landed,23/07/2026
5,VA211,Melbourne,8:15am,14,landed,23/07/2026
6,QF731,Sydney,8:25am,24,landed,23/07/2026
7,JQ760,Sydney,8:15am,25,landed,23/07/2026
8,VA1384,Brisbane,9:30am,14,landed,23/07/2026
9,VA404,Sydney,9:10am,12,landed,23/07/2026
10,QF2572,Whyalla,8:41am,,landed,23/07/2026
11,NC787,Carrapateena,9:00am,,landed,23/07/2026
12,QF2551,Canberra,9:14am,,landed,23/07/2026
13,JQ800,Brisbane,9:45am,25,landed,23/07/2026
14,QF675,Melbourne,9:22am,24,landed,23/07/2026
15,QQ3103,Olympic Dam,9:30am,,landed,23/07/2026
16,NC233,Prominent Hill,11:15am,,landed,23/07/2026
17,QF1993,Sydney,10:10am,23,landed,23/07/2026
18,QF1907,Darwin,9:33am,26,landed,23/07/2026
19,QQ3105,Olympic Dam,10:00am,,landed,23/07/2026
20,QF882,Perth,10:03am,22,landed,23/07/2026
21,QF2582,Port Lincoln,10:00am,,landed,23/07/2026
22,VA217,Melbourne,10:15am,13,landed,23/07/2026
23,JQ961,Cairns,10:20am,21,landed,23/07/2026
24,ZL4357,Port Lincoln,10:20am,Bus,landed,23/07/2026
25,ZL4125,Ceduna,10:25am,Bus,landed,23/07/2026
26,JQ774,Melbourne,10:54am,19,landed,23/07/2026
27,VA412,Sydney,10:55am,12,landed,23/07/2026
28,NC243,Port Augusta,10:50am,,landed,23/07/2026
29,QF733,Sydney,11:10am,20,landed,23/07/2026
30,VA219,Melbourne,11:30am,15,landed,23/07/2026
31,VA1388,Brisbane,12:30pm,14,landed,23/07/2026
32,JQ762,Sydney,11:05am,21,landed,23/07/2026
33,QF679,Melbourne,11:24am,25,landed,23/07/2026
34,QF1803,Brisbane,11:43am,22,landed,23/07/2026
35,ZL4618,Mount Gambier,11:25am,Bus,landed,23/07/2026
36,QF2561,Kingscote,11:41am,,landed,23/07/2026
37,VA712,Perth,11:25am,13,landed,23/07/2026
38,VA414,Sydney,12:45pm,15,landed,23/07/2026
39,QF735,Sydney,12:00pm,23,landed,23/07/2026
40,QF1805,Brisbane,1:31pm,12,landed,23/07/2026
41,JQ963,Cairns,1:05pm,21,landed,23/07/2026
42,NC783,Carrapateena,1:00pm,,landed,23/07/2026
43,QF1909,Newcastle,1:33pm,16,landed,23/07/2026
44,JQ499,Gold Coast,1:35pm,24,landed,23/07/2026
45,QF884,Perth,1:24pm,19,landed,23/07/2026
46,ZL4367,Port Lincoln,1:35pm,Bus,landed,23/07/2026
47,QF737,Sydney,1:41pm,20,landed,23/07/2026
48,QQ3119,Olympic Dam,1:35pm,26,landed,23/07/2026
49,ZL4823,Broken Hill,1:45pm,Bus,landed,23/07/2026
50,VA227,Melbourne,2:00pm,15,landed,23/07/2026
51,VA418,Sydney,2:05pm,13,landed,23/07/2026
52,JQ859,Perth,3:00pm,21,landed,23/07/2026
53,QQ8629,Moomba,2:30pm,,landed,23/07/2026
54,VA229,Melbourne,2:45pm,12,landed,23/07/2026
55,ZL4377,Port Lincoln,3:10pm,Bus,landed,23/07/2026
56,QF2586,Port Lincoln,3:28pm,50,landed,23/07/2026
57,QF1797,Canberra,3:42pm,26,landed,23/07/2026
58,QF687,Melbourne,3:43pm,24,landed,23/07/2026
59,VA231,Melbourne,3:50pm,14,landed,23/07/2026
60,QF739,Sydney,4:19pm,23,landed,23/07/2026
61,VA1448,Gold Coast,4:53pm,12,landed,23/07/2026
62,JQ111,Denpasar,4:30pm,22,landed,23/07/2026
63,QF1283,Brisbane,5:33pm,24,landed,23/07/2026
64,VA233,Melbourne,5:20pm,13,landed,23/07/2026
65,JQ778,Melbourne,5:10pm,26,landed,23/07/2026
66,NC239,Prominent Hill,5:15pm,,landed,23/07/2026
67,ZL4135,Ceduna,5:40pm,Bus,landed,23/07/2026
68,QF1905,Darwin,5:16pm,25,landed,23/07/2026
69,VA718,Perth,6:10pm,14,landed,23/07/2026
70,QF691,Melbourne,5:40pm,23,landed,23/07/2026
71,JQ807,Maroochydore,8:48pm,21,landed,23/07/2026
72,NC245,Port Augusta,5:55pm,50,landed,23/07/2026
73,NC785,Carrapateena,6:05pm,,landed,23/07/2026
74,QF886,Perth,6:10pm,22,landed,23/07/2026
75,ZL4389,Port Lincoln,5:50pm,Bus,landed,23/07/2026
76,VA237,Melbourne,6:00pm,12,landed,23/07/2026
77,VA1398,Brisbane,6:10pm,13,unknown,23/07/2026
78,QF2576,Whyalla,5:58pm,,landed,23/07/2026
79,NC223,Prominent Hill,6:20pm,,landed,23/07/2026
80,ZL4632,Mount Gambier,6:20pm,Bus,landed,23/07/2026
81,VA428,Sydney,6:20pm,21,landed,23/07/2026
82,QQ3141,Olympic Dam,6:27pm,20,landed,23/07/2026
83,QF693,Melbourne,7:00pm,24,landed,23/07/2026
84,QF1857,Alice Springs,7:15pm,23,landed,23/07/2026
85,QF743,Sydney,7:18pm,22,landed,23/07/2026
86,VA1504,Cairns,7:55pm,12,landed,23/07/2026
87,VA9318,Olympic Dam,7:20pm,26,landed,23/07/2026
88,QF1809,Brisbane,7:25pm,21,landed,23/07/2026
89,VA434,Sydney,8:45pm,13,landed,23/07/2026
90,QF697,Melbourne,7:48pm,24,landed,23/07/2026
91,JQ689,Darwin,8:16pm,25,landed,23/07/2026
92,ZL4847,Broken Hill,8:00pm,Bus,landed,23/07/2026
93,ZL4397,Port Lincoln,8:20pm,Bus,landed,23/07/2026
94,QF745,Sydney,8:20pm,23,landed,23/07/2026
95,QF1799,Canberra,8:52pm,22,landed,23/07/2026
96,JQ621,Avalon,8:54pm,26,landed,23/07/2026
97,JQ804,Brisbane,9:25pm,24,landed,23/07/2026
98,VA442,Sydney,9:50pm,13,landed,23/07/2026
99,VA247,Melbourne,10:10pm,15,landed,23/07/2026
100,QF1811,Brisbane,9:37pm,23,landed,23/07/2026
101,VA579,Canberra,9:15pm,12,landed,23/07/2026
102,QF888,Perth,9:46pm,22,landed,23/07/2026
103,JQ782,Melbourne,9:45pm,21,landed,23/07/2026
104,JQ768,Sydney,10:15pm,21,landed,23/07/2026
105,VA1404,Brisbane,10:15pm,13,landed,23/07/2026
106,VA722,Perth,9:50pm,14,landed,23/07/2026
107,QF749,Sydney,10:33pm,20,landed,23/07/2026
0,QF671,Melbourne,6:48am,23,landed,24/07/2026
1,QF2580,Port Lincoln,7:10am,,landed,24/07/2026
2,ZL4351,Port Lincoln,7:50am,Bus,landed,24/07/2026
3,JQ776,Melbourne,8:15am,25,landed,24/07/2026
4,QF731,Sydney,7:51am,22,landed,24/07/2026
5,VA211,Melbourne,7:55am,14,landed,24/07/2026
6,ZL4612,Mount Gambier,8:05am,Bus,landed,24/07/2026
7,JQ760,Sydney,8:15am,24,landed,24/07/2026
8,VA1384,Brisbane,8:55am,13,landed,24/07/2026
9,QF1277,Brisbane,9:28am,21,landed,24/07/2026
10,VA404,Sydney,8:45am,12,landed,24/07/2026
11,QF2572,Whyalla,8:41am,,landed,24/07/2026
12,NC245,Prominent Hill,9:00am,,landed,24/07/2026
13,JQ800,Brisbane,9:10am,25,landed,24/07/2026
14,QF2551,Canberra,9:15am,,landed,24/07/2026
15,QF675,Melbourne,9:22am,23,landed,24/07/2026
16,QF1993,Sydney,9:45am,20,landed,24/07/2026
17,ZL4819,Broken Hill,9:50am,Bus,landed,24/07/2026
18,QF1907,Darwin,9:25am,22,landed,24/07/2026
19,QF882,Perth,9:47am,24,landed,24/07/2026
20,QF2582,Port Lincoln,9:55am,,landed,24/07/2026
21,VA217,Melbourne,10:20am,14,landed,24/07/2026
22,QQ3111,Olympic Dam,10:15am,16,landed,24/07/2026
23,ZL4357,Port Lincoln,10:20am,Bus,landed,24/07/2026
24,JQ857,Perth,10:23am,25,landed,24/07/2026
25,QF1795,Canberra,10:16am,21,landed,24/07/2026
26,NC233,Prominent Hill,10:20am,,landed,24/07/2026
27,JQ774,Melbourne,10:41am,26,landed,24/07/2026
28,NC783,Port Augusta,9:55am,,landed,24/07/2026
29,VA412,Sydney,10:50am,15,landed,24/07/2026
30,QF733,Sydney,11:01am,24,landed,24/07/2026
31,VA219,Melbourne,11:40am,13,landed,24/07/2026
32,VA1388,Brisbane,11:13am,12,landed,24/07/2026
33,JQ762,Sydney,10:55am,23,landed,24/07/2026
34,QF1803,Brisbane,11:56am,25,landed,24/07/2026
35,QF679,Melbourne,12:31pm,22,landed,24/07/2026
36,QF2561,Kingscote,11:11am,,landed,24/07/2026
37,ZL4618,Mount Gambier,11:25am,Bus,landed,24/07/2026
38,QQ8623,Moomba,11:30am,,landed,24/07/2026
39,VA712,Perth,11:35am,14,landed,24/07/2026
40,JQ772,Melbourne,11:40am,26,landed,24/07/2026
41,ZL9381,Ceduna,11:35am,Bus,landed,24/07/2026
42,VA414,Sydney,11:35am,16,landed,24/07/2026
43,QF735,Sydney,11:44am,20,landed,24/07/2026
44,QF1805,Brisbane,12:36pm,24,landed,24/07/2026
45,QF1817,Alice Springs,4:02pm,24,landed,24/07/2026
46,JQ963,Cairns,1:20pm,15,landed,24/07/2026
47,QF1909,Newcastle,1:16pm,23,landed,24/07/2026
48,JQ499,Gold Coast,1:25pm,26,landed,24/07/2026
49,QF884,Perth,1:25pm,20,landed,24/07/2026
50,QF683,Melbourne,1:30pm,22,landed,24/07/2026
51,ZL4367,Port Lincoln,1:35pm,Bus,landed,24/07/2026
52,QF737,Sydney,1:21pm,21,landed,24/07/2026
53,VA227,Melbourne,1:45pm,14,landed,24/07/2026
54,VA418,Sydney,1:50pm,13,landed,24/07/2026
55,JQ770,Sydney,2:31pm,25,landed,24/07/2026
56,ZL4487,Coober Pedy,3:00pm,Bus,landed,24/07/2026
57,QF2586,Port Lincoln,3:35pm,,landed,24/07/2026
58,QF1797,Canberra,3:25pm,23,landed,24/07/2026
59,QF687,Melbourne,3:44pm,22,landed,24/07/2026
60,VA231,Melbourne,3:45pm,15,landed,24/07/2026
61,JQ680,Hobart,3:53pm,25,landed,24/07/2026
62,QF739,Sydney,4:12pm,21,landed,24/07/2026
63,VA1448,Gold Coast,4:40pm,14,landed,24/07/2026
64,VA1746,Alice Springs,5:00pm,13,landed,24/07/2026
65,JQ764,Sydney,4:45pm,26,landed,24/07/2026
66,QF1283,Brisbane,4:50pm,22,landed,24/07/2026
67,NC237,Port Augusta,4:15pm,,unknown,24/07/2026
68,VA233,Melbourne,5:05pm,12,landed,24/07/2026
69,JQ778,Melbourne,5:23pm,24,landed,24/07/2026
70,ZL4135,Ceduna,5:30pm,Bus,landed,24/07/2026
71,QF1905,Darwin,5:46pm,26,landed,24/07/2026
72,VA718,Perth,5:55pm,16,landed,24/07/2026
73,QF691,Melbourne,5:36pm,21,landed,24/07/2026
74,NC785,Port Augusta,5:55pm,,unknown,24/07/2026
75,QF886,Perth,6:13pm,25,landed,24/07/2026
76,QQ3137,Olympic Dam,5:49pm,,landed,24/07/2026
77,ZL4389,Port Lincoln,6:10pm,Bus,landed,24/07/2026
78,VA237,Melbourne,6:10pm,14,landed,24/07/2026
79,VA1398,Brisbane,6:10pm,13,landed,24/07/2026
80,QF2576,Whyalla,6:17pm,,landed,24/07/2026
81,ZL4632,Mount Gambier,6:35pm,Bus,landed,24/07/2026
82,QF2563,Kingscote,6:10pm,,landed,24/07/2026
83,QF741,Sydney,6:22pm,20,landed,24/07/2026
84,ZL9383,Ceduna,6:40pm,Bus,landed,24/07/2026
85,JQ766,Sydney,6:50pm,21,landed,24/07/2026
86,QF693,Melbourne,6:51pm,22,landed,24/07/2026
87,QF743,Sydney,6:53pm,23,landed,24/07/2026
88,VA241,Melbourne,7:20pm,14,landed,24/07/2026
89,VA434,Sydney,7:15pm,13,landed,24/07/2026
90,QF1809,Brisbane,7:47pm,24,landed,24/07/2026
91,JQ621,Avalon,8:15pm,25,landed,24/07/2026
92,QF697,Melbourne,7:49pm,21,landed,24/07/2026
93,ZL4847,Broken Hill,9:00pm,Bus,landed,24/07/2026
94,QF745,Sydney,8:18pm,22,landed,24/07/2026
95,ZL4397,Port Lincoln,8:20pm,Bus,landed,24/07/2026
96,JQ497,Gold Coast,8:35pm,16,landed,24/07/2026
97,QF1799,Canberra,8:24pm,23,landed,24/07/2026
98,VA442,Sydney,8:45pm,13,landed,24/07/2026
99,VA247,Melbourne,9:10pm,14,landed,24/07/2026
100,JQ780,Melbourne,9:35pm,23,landed,24/07/2026
101,QF1811,Brisbane,9:21pm,24,landed,24/07/2026
102,VA579,Canberra,9:25pm,12,unknown,24/07/2026
103,QF888,Perth,9:19pm,21,landed,24/07/2026
104,JQ782,Melbourne,9:40pm,26,landed,24/07/2026
105,JQ768,Sydney,10:05pm,15,landed,24/07/2026
106,VA1404,Brisbane,10:25pm,20,landed,24/07/2026
107,VA722,Perth,10:00pm,13,landed,24/07/2026
108,JQ689,Darwin,10:25pm,18,landed,24/07/2026
109,QF749,Sydney,10:26pm,19,landed,24/07/2026
0,QF671,Melbourne,6:51am,21,landed,25/07/2026
1,QF2580,Port Lincoln,7:08am,,landed,25/07/2026
2,QF6280,Canberra,7:35am,24,landed,25/07/2026
3,JQ776,Melbourne,8:50am,25,landed,25/07/2026
4,VA211,Melbourne,7:50am,14,landed,25/07/2026
5,ZL4612,Mount Gambier,8:05am,,landed,25/07/2026
6,JQ760,Sydney,8:13am,26,landed,25/07/2026
7,VA404,Sydney,8:50am,13,landed,25/07/2026
8,ZL4353,Port Lincoln,9:00am,Bus,landed,25/07/2026
9,JQ800,Brisbane,9:11am,21,landed,25/07/2026
10,QF675,Melbourne,9:33am,20,landed,25/07/2026
11,QF1993,Sydney,9:40am,17,cancelled,25/07/2026
12,QF1907,Darwin,9:31am,22,landed,25/07/2026
13,QQ3205,Olympic Dam,10:00am,19,landed,25/07/2026
14,QF2582,Port Lincoln,9:57am,50,landed,25/07/2026
15,VA217,Melbourne,10:00am,14,landed,25/07/2026
16,JQ961,Cairns,10:10am,26,landed,25/07/2026
17,QF1795,Canberra,10:09am,23,landed,25/07/2026
18,JQ774,Melbourne,10:31am,25,landed,25/07/2026
19,VA412,Sydney,10:55am,13,landed,25/07/2026
20,ZL4363,Port Lincoln,11:00am,Bus,landed,25/07/2026
21,VA219,Melbourne,10:55am,16,landed,25/07/2026
22,QF733,Sydney,11:10am,20,landed,25/07/2026
23,VA1388,Brisbane,11:05am,15,landed,25/07/2026
24,QF679,Melbourne,11:03am,22,landed,25/07/2026
25,JQ762,Sydney,12:00pm,25,landed,25/07/2026
26,QF2561,Kingscote,11:15am,,landed,25/07/2026
27,JQ772,Melbourne,11:10am,21,landed,25/07/2026
28,VA712,Perth,11:30am,14,landed,25/07/2026
29,QF735,Sydney,12:03pm,23,landed,25/07/2026
30,QF1281,Brisbane,12:38pm,22,landed,25/07/2026
31,QF1817,Alice Springs,12:30pm,19,landed,25/07/2026
32,JQ963,Cairns,1:35pm,24,landed,25/07/2026
33,JQ499,Gold Coast,1:27pm,21,landed,25/07/2026
34,JQ859,Perth,1:40pm,26,landed,25/07/2026
35,QF884,Perth,1:25pm,23,landed,25/07/2026
36,ZL4367,Port Lincoln,1:35pm,Bus,landed,25/07/2026
37,QF737,Sydney,1:31pm,20,landed,25/07/2026
38,VA227,Melbourne,1:39pm,15,landed,25/07/2026
39,VA418,Sydney,1:39pm,16,landed,25/07/2026
40,QF2586,Port Lincoln,7:57pm,50,landed,25/07/2026
41,QF687,Melbourne,4:33pm,22,landed,25/07/2026
42,VA424,Sydney,3:51pm,12,landed,25/07/2026
43,QF739,Sydney,4:12pm,21,landed,25/07/2026
44,VA1448,Gold Coast,4:18pm,13,landed,25/07/2026
45,JQ111,Denpasar,4:20pm,19,landed,25/07/2026
46,QF1807,Brisbane,4:56pm,24,landed,25/07/2026
47,VA233,Melbourne,5:10pm,20,landed,25/07/2026
48,JQ778,Melbourne,5:25pm,25,landed,25/07/2026
49,VA718,Perth,5:35pm,14,landed,25/07/2026
50,QF691,Melbourne,5:36pm,21,landed,25/07/2026
51,JQ807,Maroochydore,5:42pm,23,landed,25/07/2026
52,VA1398,Brisbane,6:10pm,13,landed,25/07/2026
53,QF741,Sydney,6:14pm,24,landed,25/07/2026
54,QF693,Melbourne,6:45pm,22,landed,25/07/2026
55,VA1504,Cairns,6:50pm,15,landed,25/07/2026
56,QF1809,Brisbane,8:02pm,21,landed,25/07/2026
57,QF697,Melbourne,7:44pm,23,landed,25/07/2026
58,JQ804,Brisbane,8:40pm,26,landed,25/07/2026
59,QF888,Perth,9:16pm,22,landed,25/07/2026
60,JQ782,Melbourne,9:47pm,26,landed,25/07/2026
61,JQ768,Sydney,10:35pm,16,landed,25/07/2026
62,JQ689,Darwin,10:33pm,18,landed,25/07/2026
63,QF749,Sydney,10:16pm,20,landed,25/07/2026
0,QF671,Melbourne,7:08am,13,landed,26/07/2026
1,JQ776,Melbourne,8:55am,21,landed,26/07/2026
2,VA211,Melbourne,8:50am,12,landed,26/07/2026
3,JQ760,Sydney,8:00am,23,landed,26/07/2026
4,VA404,Sydney,8:40am,14,landed,26/07/2026
5,JQ800,Brisbane,9:23am,26,landed,26/07/2026
6,QF675,Melbourne,9:28am,23,landed,26/07/2026
7,QF1907,Darwin,10:07am,16,landed,26/07/2026
8,VA217,Melbourne,9:55am,12,landed,26/07/2026
9,QF2582,Port Lincoln,10:00am,,landed,26/07/2026
10,JQ961,Cairns,10:25am,19,landed,26/07/2026
11,JQ857,Perth,10:28am,21,landed,26/07/2026
12,QF1795,Canberra,10:14am,24,landed,26/07/2026
13,JQ774,Melbourne,10:25am,26,landed,26/07/2026
14,VA412,Sydney,10:35am,15,landed,26/07/2026
15,ZL4363,Port Lincoln,11:00am,Bus,landed,26/07/2026
16,QF733,Sydney,11:04am,23,landed,26/07/2026
17,VA219,Melbourne,11:10am,14,landed,26/07/2026
18,VA1388,Brisbane,10:50am,13,landed,26/07/2026
19,QF679,Melbourne,11:05am,19,landed,26/07/2026
20,QF1803,Brisbane,11:14am,24,landed,26/07/2026
21,VA712,Perth,11:20am,12,landed,26/07/2026
22,JQ772,Melbourne,11:20am,21,landed,26/07/2026
23,QF735,Sydney,11:34am,20,landed,26/07/2026
24,QF1805,Brisbane,12:42pm,23,landed,26/07/2026
25,QF1817,Alice Springs,12:31pm,19,landed,26/07/2026
26,QF2584,Port Lincoln,12:31pm,,landed,26/07/2026
27,JQ963,Cairns,12:40pm,25,landed,26/07/2026
28,JQ499,Gold Coast,1:30pm,26,landed,26/07/2026
29,QF884,Perth,1:20pm,21,landed,26/07/2026
30,QF683,Melbourne,1:25pm,20,landed,26/07/2026
31,ZL4367,Port Lincoln,1:35pm,Bus,landed,26/07/2026
32,QF737,Sydney,2:12pm,24,landed,26/07/2026
33,VA227,Melbourne,1:30pm,14,landed,26/07/2026
34,VA418,Sydney,1:55pm,15,landed,26/07/2026
35,QF2574,Whyalla,6:15pm,,cancelled,26/07/2026
36,JQ770,Sydney,2:32pm,26,landed,26/07/2026
37,ZL4825,Broken Hill,3:20pm,Bus,landed,26/07/2026
38,QF2551,Canberra,3:10pm,50,landed,26/07/2026
39,QF2586,Port Lincoln,3:21pm,,landed,26/07/2026
40,QF1797,Canberra,3:20pm,23,landed,26/07/2026
41,QF1909,Newcastle,3:17pm,21,landed,26/07/2026
42,QF687,Melbourne,3:35pm,22,landed,26/07/2026
43,VA231,Melbourne,3:40pm,13,landed,26/07/2026
44,JQ680,Hobart,3:55pm,26,landed,26/07/2026
45,VA424,Sydney,3:40pm,15,landed,26/07/2026
46,QF739,Sydney,4:32pm,24,landed,26/07/2026
47,VA1448,Gold Coast,4:25pm,14,landed,26/07/2026
48,JQ764,Sydney,4:55pm,25,landed,26/07/2026
49,QF1283,Brisbane,5:11pm,21,landed,26/07/2026
50,VA233,Melbourne,5:25pm,16,landed,26/07/2026
51,JQ778,Melbourne,6:00pm,26,landed,26/07/2026
52,ZL4135,Ceduna,5:15pm,Bus,landed,26/07/2026
53,VA718,Perth,5:35pm,13,landed,26/07/2026
54,QF1905,Darwin,5:37pm,22,landed,26/07/2026
55,QF691,Melbourne,5:52pm,24,landed,26/07/2026
56,NC743,Carrapateena,6:05pm,,landed,26/07/2026
57,QF886,Perth,6:10pm,23,landed,26/07/2026
58,VA1398,Brisbane,5:50pm,12,landed,26/07/2026
59,VA237,Melbourne,6:05pm,15,unknown,26/07/2026
60,ZL4389,Port Lincoln,6:10pm,Bus,landed,26/07/2026
61,QF2576,Whyalla,5:58pm,,landed,26/07/2026
62,ZL4632,Mount Gambier,9:35pm,Bus,landed,26/07/2026
63,QF2563,Kingscote,6:14pm,,landed,26/07/2026
64,QF741,Sydney,6:25pm,20,landed,26/07/2026
65,VA428,Sydney,6:30pm,14,landed,26/07/2026
66,JQ766,Sydney,7:06pm,26,landed,26/07/2026
67,QF693,Melbourne,6:51pm,24,landed,26/07/2026
68,QQ3241,Olympic Dam,6:55pm,,landed,26/07/2026
69,QF743,Sydney,6:55pm,22,landed,26/07/2026
70,VA241,Melbourne,7:00pm,16,landed,26/07/2026
71,VA434,Sydney,7:05pm,13,landed,26/07/2026
72,QF1809,Brisbane,7:20pm,21,landed,26/07/2026
73,ZL9906,Mount Gambier,7:30pm,Bus,landed,26/07/2026
74,JQ621,Avalon,8:25pm,23,landed,26/07/2026
75,QF697,Melbourne,8:36pm,26,landed,26/07/2026
76,ZL4397,Port Lincoln,8:20pm,Bus,landed,26/07/2026
77,JQ497,Gold Coast,8:30pm,25,landed,26/07/2026
78,QF1799,Canberra,8:41pm,16,landed,26/07/2026
79,VA442,Sydney,8:42pm,12,landed,26/07/2026
80,VA247,Melbourne,9:10pm,13,landed,26/07/2026
81,JQ780,Melbourne,9:16pm,21,landed,26/07/2026
82,QF1811,Brisbane,9:01pm,15,landed,26/07/2026
83,VA579,Canberra,9:06pm,14,landed,26/07/2026
84,QF888,Perth,9:23pm,24,landed,26/07/2026
85,JQ782,Melbourne,10:18pm,21,landed,26/07/2026
86,JQ768,Sydney,10:45pm,15,landed,26/07/2026
87,VA1404,Brisbane,9:55pm,12,landed,26/07/2026
88,VA722,Perth,10:00pm,13,landed,26/07/2026
89,JQ689,Darwin,10:10pm,18,landed,26/07/2026
90,QF749,Sydney,10:25pm,20,landed,26/07/2026
0,VA203,Melbourne,7:15am,14,landed,27/07/2026
1,QF671,Melbourne,7:00am,23,landed,27/07/2026
2,QF2580,Port Lincoln,7:08am,,landed,27/07/2026
3,ZL4351,Port Lincoln,7:35am,Bus,landed,27/07/2026
4,JQ776,Melbourne,8:13am,25,landed,27/07/2026
5,QF731,Sydney,7:59am,22,landed,27/07/2026
6,VA211,Melbourne,8:00am,13,landed,27/07/2026
7,ZL4612,Mount Gambier,8:05am,Bus,cancelled,27/07/2026
8,JQ760,Sydney,7:55am,21,landed,27/07/2026
9,VA1384,Brisbane,8:35am,14,landed,27/07/2026
10,QF1277,Brisbane,9:10am,23,landed,27/07/2026
11,VA404,Sydney,8:50am,12,landed,27/07/2026
12,QF2572,Whyalla,8:42am,,landed,27/07/2026
13,QQ3101,Olympic Dam,9:00am,24,landed,27/07/2026
14,QF2551,Canberra,9:03am,,landed,27/07/2026
15,JQ800,Brisbane,9:30am,26,landed,27/07/2026
16,QF675,Melbourne,9:29am,19,landed,27/07/2026
17,QF1993,Sydney,9:45am,21,landed,27/07/2026
18,ZL4819,Broken Hill,10:20am,Bus,landed,27/07/2026
19,QF1907,Darwin,9:32am,25,landed,27/07/2026
20,QF882,Perth,9:42am,22,landed,27/07/2026
21,QF2582,Port Lincoln,9:40am,,landed,27/07/2026
22,VA217,Melbourne,10:25am,13,landed,27/07/2026
23,ZL4357,Port Lincoln,10:12am,Bus,landed,27/07/2026
24,JQ857,Perth,10:23am,24,landed,27/07/2026
25,ZL4125,Ceduna,10:25am,50,landed,27/07/2026
26,NC233,Prominent Hill,10:05am,,landed,27/07/2026
27,QF1795,Canberra,10:10am,23,landed,27/07/2026
28,JQ774,Melbourne,10:22am,26,landed,27/07/2026
29,QQ3109,Olympic Dam,10:35am,,landed,27/07/2026
30,VA412,Sydney,12:30pm,14,landed,27/07/2026
31,VA219,Melbourne,10:57am,12,landed,27/07/2026
32,QF733,Sydney,11:11am,24,landed,27/07/2026
33,VA1388,Brisbane,10:55am,15,landed,27/07/2026
34,JQ762,Sydney,11:04am,25,landed,27/07/2026
35,QF1803,Brisbane,11:18am,16,landed,27/07/2026
36,QF679,Melbourne,11:27am,22,landed,27/07/2026
37,QF2561,Kingscote,11:18am,,landed,27/07/2026
38,ZL4618,Mount Gambier,11:25am,Bus,landed,27/07/2026
39,VA712,Perth,11:25am,13,landed,27/07/2026
40,JQ772,Melbourne,11:35am,26,landed,27/07/2026
41,VA414,Sydney,12:10pm,12,landed,27/07/2026
42,QF735,Sydney,12:09pm,23,landed,27/07/2026
43,QF1805,Brisbane,1:03pm,24,landed,27/07/2026
44,QF1817,Alice Springs,12:31pm,22,landed,27/07/2026
45,JQ963,Cairns,12:45pm,25,landed,27/07/2026
46,QF1909,Newcastle,1:06pm,19,landed,27/07/2026
47,JQ499,Gold Coast,1:17pm,26,landed,27/07/2026
48,QF884,Perth,1:14pm,21,landed,27/07/2026
49,QQ8627,Moomba,1:30pm,,landed,27/07/2026
50,QF683,Melbourne,1:32pm,22,landed,27/07/2026
51,ZL4367,Port Lincoln,1:35pm,Bus,landed,27/07/2026
52,QF737,Sydney,1:26pm,23,landed,27/07/2026
53,VA227,Melbourne,1:45pm,14,landed,27/07/2026
54,VA418,Sydney,1:55pm,13,landed,27/07/2026
55,JQ859,Perth,2:40pm,25,landed,27/07/2026
56,ZL4487,Coober Pedy,3:05pm,Bus,landed,27/07/2026
57,ZL4377,Port Lincoln,3:10pm,Bus,landed,27/07/2026
58,QF2586,Port Lincoln,3:29pm,,landed,27/07/2026
59,QF1797,Canberra,3:27pm,21,landed,27/07/2026
60,QF687,Melbourne,3:42pm,22,landed,27/07/2026
61,VA231,Melbourne,3:45pm,14,landed,27/07/2026
62,JQ680,Hobart,3:55pm,26,landed,27/07/2026
63,QF739,Sydney,4:23pm,23,landed,27/07/2026
64,VA1448,Gold Coast,4:50pm,12,landed,27/07/2026
65,VA1746,Alice Springs,6:10pm,14,landed,27/07/2026
66,JQ764,Sydney,4:55pm,25,landed,27/07/2026
67,QF1283,Brisbane,5:11pm,24,landed,27/07/2026
68,VA233,Melbourne,5:25pm,19,landed,27/07/2026
69,JQ778,Melbourne,5:20pm,26,landed,27/07/2026
70,VA718,Perth,5:25pm,13,landed,27/07/2026
71,QF1905,Darwin,5:48pm,23,landed,27/07/2026
72,QF691,Melbourne,5:32pm,22,landed,27/07/2026
73,NC217,Port Augusta,5:55pm,,landed,27/07/2026
74,QQ3137,Olympic Dam,5:39pm,24,landed,27/07/2026
75,QF886,Perth,5:48pm,25,landed,27/07/2026
76,NC783,Carrapateena,5:56pm,,landed,27/07/2026
77,VA1398,Brisbane,5:50pm,12,landed,27/07/2026
78,ZL4389,Port Lincoln,6:10pm,Bus,landed,27/07/2026
79,VA237,Melbourne,6:10pm,15,landed,27/07/2026
80,QF2576,Whyalla,6:04pm,,landed,27/07/2026
81,ZL4632,Mount Gambier,6:20pm,Bus,landed,27/07/2026
82,QF2563,Kingscote,6:08pm,,landed,27/07/2026
83,VA428,Sydney,6:20pm,13,landed,27/07/2026
84,QF2588,Port Lincoln,6:25pm,50,landed,27/07/2026
85,QF693,Melbourne,6:57pm,23,landed,27/07/2026
86,QF743,Sydney,6:53pm,21,landed,27/07/2026
87,VA241,Melbourne,7:15pm,14,landed,27/07/2026
88,QF1809,Brisbane,7:15pm,26,landed,27/07/2026
89,VA434,Sydney,7:30pm,19,landed,27/07/2026
90,JQ621,Avalon,7:44pm,22,landed,27/07/2026
91,QF697,Melbourne,8:22pm,24,landed,27/07/2026
92,QF1799,Canberra,8:45pm,25,landed,27/07/2026
93,QQ3149,Olympic Dam,9:00pm,,landed,27/07/2026
94,VA442,Sydney,9:05pm,13,landed,27/07/2026
95,JQ804,Brisbane,9:10pm,26,landed,27/07/2026
96,VA247,Melbourne,9:10pm,12,landed,27/07/2026
97,QF1811,Brisbane,9:41pm,22,landed,27/07/2026
98,QF888,Perth,9:18pm,23,landed,27/07/2026
99,VA579,Canberra,9:20pm,14,landed,27/07/2026
100,QQ3151,Olympic Dam,9:45pm,,landed,27/07/2026
101,JQ782,Melbourne,9:52pm,25,landed,27/07/2026
102,JQ768,Sydney,10:25pm,19,landed,27/07/2026
103,VA1404,Brisbane,10:00pm,16,landed,27/07/2026
104,JQ689,Darwin,10:13pm,18,landed,27/07/2026
105,QF749,Sydney,10:52pm,22,landed,27/07/2026
0,QF671,Melbourne,6:55am,23,landed,29/07/2026
1,QF2580,Port Lincoln,7:03am,,landed,29/07/2026
2,ZL4351,Port Lincoln,8:05am,Bus,landed,29/07/2026
3,JQ776,Melbourne,7:55am,25,landed,29/07/2026
4,QF731,Sydney,8:00am,22,landed,29/07/2026
5,VA211,Melbourne,8:05am,14,landed,29/07/2026
6,ZL4612,Mount Gambier,8:05am,Bus,landed,29/07/2026
7,JQ760,Sydney,8:05am,26,landed,29/07/2026
8,NC233,Prominent Hill,8:06am,,landed,29/07/2026
9,VA404,Sydney,8:55am,13,landed,29/07/2026
10,QF2572,Whyalla,8:41am,,landed,29/07/2026
11,NC783,Carrapateena,9:00am,,landed,29/07/2026
12,JQ800,Brisbane,9:02am,25,landed,29/07/2026
13,QF2551,Canberra,9:05am,,landed,29/07/2026
14,QF675,Melbourne,9:39am,23,landed,29/07/2026
15,QF1993,Sydney,9:45am,21,landed,29/07/2026
16,ZL4819,Broken Hill,12:00pm,Bus,landed,29/07/2026
17,QQ3105,Olympic Dam,9:55am,,landed,29/07/2026
18,QF1907,Darwin,9:38am,22,landed,29/07/2026
19,QF2582,Port Lincoln,9:52am,,landed,29/07/2026
20,VA217,Melbourne,10:05am,12,landed,29/07/2026
21,QQ3115,Olympic Dam,10:15am,,landed,29/07/2026
22,ZL4357,Port Lincoln,10:20am,,cancelled,29/07/2026
23,JQ857,Perth,10:25am,26,landed,29/07/2026
24,QF1795,Canberra,10:15am,19,landed,29/07/2026
25,JQ774,Melbourne,10:31am,25,landed,29/07/2026
26,NC780,Port Augusta,10:45am,,landed,29/07/2026
27,VA412,Sydney,10:45am,16,landed,29/07/2026
28,VA219,Melbourne,10:55am,15,landed,29/07/2026
29,QF733,Sydney,11:07am,24,landed,29/07/2026
30,VA1388,Brisbane,10:55am,13,landed,29/07/2026
31,QF1803,Brisbane,11:02am,22,landed,29/07/2026
32,JQ762,Sydney,11:12am,18,landed,29/07/2026
33,QF679,Melbourne,11:27am,23,landed,29/07/2026
34,QF2561,Kingscote,11:12am,50,landed,29/07/2026
35,ZL4618,Mount Gambier,11:25am,Bus,landed,29/07/2026
36,VA712,Perth,11:25am,14,landed,29/07/2026
37,ZL9381,Ceduna,11:35am,Bus,landed,29/07/2026
38,VA414,Sydney,11:45am,12,landed,29/07/2026
39,QF735,Sydney,11:54am,25,landed,29/07/2026
40,QQ8623,Moomba,11:45am,,landed,29/07/2026
41,QF1805,Brisbane,12:37pm,23,landed,29/07/2026
42,NC237,Prominent Hill,12:22pm,,landed,29/07/2026
43,QF1817,Alice Springs,12:35pm,24,landed,29/07/2026
44,JQ963,Cairns,1:00pm,19,landed,29/07/2026
45,QF1909,Newcastle,12:58pm,15,landed,29/07/2026
46,JQ499,Gold Coast,1:18pm,25,landed,29/07/2026
47,QF884,Perth,1:24pm,22,landed,29/07/2026
48,QF683,Melbourne,1:32pm,23,landed,29/07/2026
49,ZL4367,Port Lincoln,2:40pm,Bus,landed,29/07/2026
50,QF737,Sydney,1:40pm,17,cancelled,29/07/2026
51,VA227,Melbourne,1:40pm,14,landed,29/07/2026
52,VA418,Sydney,1:50pm,13,landed,29/07/2026
53,JQ770,Sydney,2:17pm,26,landed,29/07/2026
54,ZL4487,Coober Pedy,4:25pm,Bus,landed,29/07/2026
55,ZL4377,Port Lincoln,3:10pm,Bus,landed,29/07/2026
56,QF2586,Port Lincoln,3:23pm,,landed,29/07/2026
57,QF2549,Canberra,3:34pm,,landed,29/07/2026
58,VA231,Melbourne,3:40pm,15,landed,29/07/2026
59,QF687,Melbourne,3:46pm,23,landed,29/07/2026
60,JQ680,Hobart,3:55pm,25,landed,29/07/2026
61,QF739,Sydney,4:20pm,22,landed,29/07/2026
62,VA1448,Gold Coast,4:45pm,13,landed,29/07/2026
63,VA1746,Alice Springs,4:45pm,16,landed,29/07/2026
64,QF1283,Brisbane,4:51pm,24,landed,29/07/2026
65,QQ3161,Olympic Dam,5:05pm,23,landed,29/07/2026
66,JQ778,Melbourne,5:22pm,26,landed,29/07/2026
67,ZL4135,Ceduna,6:45pm,Bus,landed,29/07/2026
68,QF1905,Darwin,5:37pm,25,landed,29/07/2026
69,VA718,Perth,6:10pm,15,landed,29/07/2026
70,QF691,Melbourne,5:45pm,21,landed,29/07/2026
71,NC785,Port Augusta,5:55pm,,unknown,29/07/2026
72,QQ3137,Olympic Dam,5:55pm,12,landed,29/07/2026
73,QF886,Perth,6:15pm,24,landed,29/07/2026
74,VA237,Melbourne,6:05pm,13,landed,29/07/2026
75,VA1398,Brisbane,6:15pm,14,landed,29/07/2026
76,ZL4389,Port Lincoln,7:25pm,Bus,landed,29/07/2026
77,QF2576,Whyalla,5:51pm,,landed,29/07/2026
78,ZL4632,Mount Gambier,6:40pm,Bus,landed,29/07/2026
79,QF2588,Port Lincoln,6:11pm,,landed,29/07/2026
80,QF741,Sydney,6:17pm,23,landed,29/07/2026
81,QF693,Melbourne,6:55pm,21,landed,29/07/2026
82,QF743,Sydney,7:12pm,24,landed,29/07/2026
83,VA434,Sydney,7:40pm,12,landed,29/07/2026
84,JQ621,Avalon,8:05pm,25,landed,29/07/2026
85,NC239,Prominent Hill,7:55pm,,unknown,29/07/2026
86,QF697,Melbourne,7:59pm,22,landed,29/07/2026
87,ZL4847,Broken Hill,10:40pm,Bus,landed,29/07/2026
88,ZL4397,Port Lincoln,8:20pm,,cancelled,29/07/2026
89,QF1799,Canberra,8:20pm,21,landed,29/07/2026
90,QQ3149,Olympic Dam,8:45pm,,landed,29/07/2026
91,VA442,Sydney,10:00pm,13,landed,29/07/2026
92,VA247,Melbourne,9:05pm,12,landed,29/07/2026
93,QF1811,Brisbane,9:53pm,19,landed,29/07/2026
94,QF888,Perth,9:24pm,23,landed,29/07/2026
95,JQ782,Melbourne,9:50pm,25,landed,29/07/2026
96,QQ3153,Olympic Dam,9:40pm,,landed,29/07/2026
97,VA1404,Brisbane,9:50pm,21,early,29/07/2026
98,JQ689,Darwin,10:19pm,18,landed,29/07/2026
99,QF749,Sydney,11:04pm,16,landed,29/07/2026
0,VA203,Melbourne,7:15am,14,landed,28/07/2026
1,QF671,Melbourne,7:00am,23,landed,28/07/2026
2,QF2580,Port Lincoln,7:08am,,landed,28/07/2026
3,ZL4351,Port Lincoln,7:35am,Bus,landed,28/07/2026
4,JQ776,Melbourne,8:13am,25,landed,28/07/2026
5,QF731,Sydney,7:59am,22,landed,28/07/2026
6,VA211,Melbourne,8:00am,13,landed,28/07/2026
7,ZL4612,Mount Gambier,8:05am,Bus,cancelled,28/07/2026
8,JQ760,Sydney,7:55am,21,landed,28/07/2026
9,VA1384,Brisbane,8:35am,14,landed,28/07/2026
10,QF1277,Brisbane,9:10am,23,landed,28/07/2026
11,VA404,Sydney,8:50am,12,landed,28/07/2026
12,QF2572,Whyalla,8:42am,,landed,28/07/2026
13,QQ3101,Olympic Dam,9:00am,24,landed,28/07/2026
14,QF2551,Canberra,9:03am,,landed,28/07/2026
15,JQ800,Brisbane,9:30am,26,landed,28/07/2026
16,QF675,Melbourne,9:29am,19,landed,28/07/2026
17,QF1993,Sydney,9:45am,21,landed,28/07/2026
18,ZL4819,Broken Hill,10:20am,Bus,landed,28/07/2026
19,QF1907,Darwin,9:32am,25,landed,28/07/2026
20,QF882,Perth,9:42am,22,landed,28/07/2026
21,QF2582,Port Lincoln,9:40am,,landed,28/07/2026
22,VA217,Melbourne,10:25am,13,landed,28/07/2026
23,ZL4357,Port Lincoln,10:12am,Bus,landed,28/07/2026
24,JQ857,Perth,10:23am,24,landed,28/07/2026
25,ZL4125,Ceduna,10:25am,50,landed,28/07/2026
26,NC233,Prominent Hill,10:05am,,landed,28/07/2026
27,QF1795,Canberra,10:10am,23,landed,28/07/2026
28,JQ774,Melbourne,10:22am,26,landed,28/07/2026
29,QQ3109,Olympic Dam,10:35am,,landed,28/07/2026
30,VA412,Sydney,12:30pm,14,landed,28/07/2026
31,VA219,Melbourne,10:57am,12,landed,28/07/2026
32,QF733,Sydney,11:11am,24,landed,28/07/2026
33,VA1388,Brisbane,10:55am,15,landed,28/07/2026
34,JQ762,Sydney,11:04am,25,landed,28/07/2026
35,QF1803,Brisbane,11:18am,16,landed,28/07/2026
36,QF679,Melbourne,11:27am,22,landed,28/07/2026
37,QF2561,Kingscote,11:18am,,landed,28/07/2026
38,ZL4618,Mount Gambier,11:25am,Bus,landed,28/07/2026
39,VA712,Perth,11:25am,13,landed,28/07/2026
40,JQ772,Melbourne,11:35am,26,landed,28/07/2026
41,VA414,Sydney,12:10pm,12,landed,28/07/2026
42,QF735,Sydney,12:09pm,23,landed,28/07/2026
43,QF1805,Brisbane,1:03pm,24,landed,28/07/2026
44,QF1817,Alice Springs,12:31pm,22,landed,28/07/2026
45,JQ963,Cairns,12:45pm,25,landed,28/07/2026
46,QF1909,Newcastle,1:06pm,19,landed,28/07/2026
47,JQ499,Gold Coast,1:17pm,26,landed,28/07/2026
48,QF884,Perth,1:14pm,21,landed,28/07/2026
49,QQ8627,Moomba,1:30pm,,landed,28/07/2026
50,QF683,Melbourne,1:32pm,22,landed,28/07/2026
51,ZL4367,Port Lincoln,1:35pm,Bus,landed,28/07/2026
52,QF737,Sydney,1:26pm,23,landed,28/07/2026
53,VA227,Melbourne,1:45pm,14,landed,28/07/2026
54,VA418,Sydney,1:55pm,13,landed,28/07/2026
55,JQ859,Perth,2:40pm,25,landed,28/07/2026
56,ZL4487,Coober Pedy,3:05pm,Bus,landed,28/07/2026
57,ZL4377,Port Lincoln,3:10pm,Bus,landed,28/07/2026
58,QF2586,Port Lincoln,3:29pm,,landed,28/07/2026
59,QF1797,Canberra,3:27pm,21,landed,28/07/2026
60,QF687,Melbourne,3:42pm,22,landed,28/07/2026
61,VA231,Melbourne,3:45pm,14,landed,28/07/2026
62,JQ680,Hobart,3:55pm,26,landed,28/07/2026
63,QF739,Sydney,4:23pm,23,landed,28/07/2026
64,VA1448,Gold Coast,4:50pm,12,landed,28/07/2026
65,VA1746,Alice Springs,6:10pm,14,landed,28/07/2026
66,JQ764,Sydney,4:55pm,25,landed,28/07/2026
67,QF1283,Brisbane,5:11pm,24,landed,28/07/2026
68,VA233,Melbourne,5:25pm,19,landed,28/07/2026
69,JQ778,Melbourne,5:20pm,26,landed,28/07/2026
70,VA718,Perth,5:25pm,13,landed,28/07/2026
71,QF1905,Darwin,5:48pm,23,landed,28/07/2026
72,QF691,Melbourne,5:32pm,22,landed,28/07/2026
73,NC217,Port Augusta,5:55pm,,landed,28/07/2026
74,QQ3137,Olympic Dam,5:39pm,24,landed,28/07/2026
75,QF886,Perth,5:48pm,25,landed,28/07/2026
76,NC783,Carrapateena,5:56pm,,landed,28/07/2026
77,VA1398,Brisbane,5:50pm,12,landed,28/07/2026
78,ZL4389,Port Lincoln,6:10pm,Bus,landed,28/07/2026
79,VA237,Melbourne,6:10pm,15,landed,28/07/2026
80,QF2576,Whyalla,6:04pm,,landed,28/07/2026
81,ZL4632,Mount Gambier,6:20pm,Bus,landed,28/07/2026
82,QF2563,Kingscote,6:08pm,,landed,28/07/2026
83,VA428,Sydney,6:20pm,13,landed,28/07/2026
84,QF2588,Port Lincoln,6:25pm,50,landed,28/07/2026
85,QF693,Melbourne,6:57pm,23,landed,28/07/2026
86,QF743,Sydney,6:53pm,21,landed,28/07/2026
87,VA241,Melbourne,7:15pm,14,landed,28/07/2026
88,QF1809,Brisbane,7:15pm,26,landed,28/07/2026
89,VA434,Sydney,7:30pm,19,landed,28/07/2026
90,JQ621,Avalon,7:44pm,22,landed,28/07/2026
91,QF697,Melbourne,8:22pm,24,landed,28/07/2026
92,QF1799,Canberra,8:45pm,25,landed,28/07/2026
93,QQ3149,Olympic Dam,9:00pm,,landed,28/07/2026
94,VA442,Sydney,9:05pm,13,landed,28/07/2026
95,JQ804,Brisbane,9:10pm,26,landed,28/07/2026
96,VA247,Melbourne,9:10pm,12,landed,28/07/2026
97,QF1811,Brisbane,9:41pm,22,landed,28/07/2026
98,QF888,Perth,9:18pm,23,landed,28/07/2026
99,VA579,Canberra,9:20pm,14,landed,28/07/2026
100,QQ3151,Olympic Dam,9:45pm,,landed,28/07/2026
101,JQ782,Melbourne,9:52pm,25,landed,28/07/2026
102,JQ768,Sydney,10:25pm,19,landed,28/07/2026
103,VA1404,Brisbane,10:00pm,16,landed,28/07/2026
104,JQ689,Darwin,10:13pm,18,landed,28/07/2026
105,QF749,Sydney,10:52pm,22,landed,28/07/2026
0,QF671,Melbourne,6:53am,23,landed,30/07/2026
1,QF2580,Port Lincoln,7:05am,,landed,30/07/2026
2,ZL4351,Port Lincoln,7:50am,Bus,landed,30/07/2026
3,JQ776,Melbourne,8:05am,25,landed,30/07/2026
4,QF731,Sydney,7:55am,21,landed,30/07/2026
5,ZL4612,Mount Gambier,8:05am,Bus,landed,30/07/2026
6,VA211,Melbourne,8:05am,14,landed,30/07/2026
7,JQ760,Sydney,8:35am,26,landed,30/07/2026
8,QF1277,Brisbane,8:28am,23,landed,30/07/2026
9,VA404,Sydney,8:45am,13,landed,30/07/2026
10,QF2572,Whyalla,8:47am,,landed,30/07/2026
11,NC787,Carrapateena,9:00am,,landed,30/07/2026
12,JQ800,Brisbane,9:10am,25,landed,30/07/2026
13,QF2551,Canberra,9:21am,,landed,30/07/2026
14,QF675,Melbourne,9:17am,24,landed,30/07/2026
15,QQ3103,Olympic Dam,9:30am,21,landed,30/07/2026
16,NC233,Prominent Hill,9:35am,,landed,30/07/2026
17,QF1993,Sydney,10:10am,19,landed,30/07/2026
18,QF1907,Darwin,9:40am,13,landed,30/07/2026
19,QF882,Perth,9:49am,22,landed,30/07/2026
20,QQ3105,Olympic Dam,10:00am,,landed,30/07/2026
21,QF2582,Port Lincoln,9:56am,,landed,30/07/2026
22,VA217,Melbourne,10:05am,14,landed,30/07/2026
23,JQ961,Cairns,10:09am,26,landed,30/07/2026
24,ZL4357,Port Lincoln,10:20am,Bus,landed,30/07/2026
25,ZL4125,Ceduna,2:00pm,Bus,landed,30/07/2026
26,QF1795,Canberra,10:15am,23,landed,30/07/2026
27,JQ774,Melbourne,10:30am,25,landed,30/07/2026
28,VA412,Sydney,11:05am,12,landed,30/07/2026
29,NC243,Port Augusta,10:30am,,landed,30/07/2026
30,VA219,Melbourne,10:55am,15,landed,30/07/2026
31,QF733,Sydney,11:00am,21,landed,30/07/2026
32,VA1388,Brisbane,11:00am,14,landed,30/07/2026
33,QF679,Melbourne,11:30am,22,landed,30/07/2026
34,QF1803,Brisbane,11:33am,24,landed,30/07/2026
35,JQ762,Sydney,12:20pm,26,landed,30/07/2026
36,QF2561,Kingscote,11:08am,,landed,30/07/2026
37,ZL4618,Mount Gambier,11:25am,Bus,landed,30/07/2026
38,VA712,Perth,11:25am,13,landed,30/07/2026
39,JQ772,Melbourne,11:25am,26,landed,30/07/2026
40,VA414,Sydney,12:10pm,15,landed,30/07/2026
41,QF735,Sydney,12:16pm,23,landed,30/07/2026
42,QF1805,Brisbane,12:33pm,19,landed,30/07/2026
43,JQ963,Cairns,12:59pm,25,landed,30/07/2026
44,NC783,Carrapateena,12:43pm,,landed,30/07/2026
45,QF1909,Newcastle,1:00pm,12,landed,30/07/2026
46,JQ499,Gold Coast,3:45pm,22,landed,30/07/2026
47,QF884,Perth,1:18pm,24,landed,30/07/2026
48,ZL4367,Port Lincoln,4:20pm,Bus,landed,30/07/2026
49,QF737,Sydney,1:25pm,23,landed,30/07/2026
50,QQ3119,Olympic Dam,1:45pm,26,landed,30/07/2026
51,VA227,Melbourne,2:00pm,14,landed,30/07/2026
52,ZL4823,Broken Hill,2:30pm,Bus,landed,30/07/2026
53,VA418,Sydney,2:05pm,13,landed,30/07/2026
54,JQ859,Perth,2:45pm,25,landed,30/07/2026
55,QQ8629,Moomba,2:30pm,,landed,30/07/2026
56,VA229,Melbourne,2:35pm,12,landed,30/07/2026
57,ZL4377,Port Lincoln,3:10pm,Bus,landed,30/07/2026
58,QF2586,Port Lincoln,3:19pm,,landed,30/07/2026
59,QF1797,Canberra,3:15pm,24,landed,30/07/2026
60,QF687,Melbourne,3:35pm,21,landed,30/07/2026
61,VA231,Melbourne,3:35pm,13,landed,30/07/2026
62,QF739,Sydney,4:14pm,23,landed,30/07/2026
63,VA1448,Gold Coast,4:45pm,14,landed,30/07/2026
64,JQ764,Sydney,4:35pm,25,landed,30/07/2026
65,JQ111,Denpasar,4:57pm,15,landed,30/07/2026
66,QF1283,Brisbane,4:38pm,24,landed,30/07/2026
67,VA233,Melbourne,5:10pm,13,landed,30/07/2026
68,NC239,Prominent Hill,5:15pm,,landed,30/07/2026
69,JQ778,Melbourne,5:25pm,26,landed,30/07/2026
70,ZL4135,Ceduna,6:30pm,Bus,landed,30/07/2026
71,VA718,Perth,5:40pm,12,landed,30/07/2026
72,QF1905,Darwin,5:44pm,23,landed,30/07/2026
73,QF691,Melbourne,5:51pm,24,landed,30/07/2026
74,JQ807,Maroochydore,6:10pm,19,landed,30/07/2026
75,NC245,Port Augusta,5:55pm,,landed,30/07/2026
76,QF886,Perth,6:03pm,25,landed,30/07/2026
77,NC785,Carrapateena,6:05pm,,landed,30/07/2026
78,VA1398,Brisbane,5:45pm,14,landed,30/07/2026
79,ZL4389,Port Lincoln,6:10pm,Bus,cancelled,30/07/2026
80,VA237,Melbourne,6:20pm,15,landed,30/07/2026
81,QF2576,Whyalla,5:53pm,,landed,30/07/2026
82,ZL4632,Mount Gambier,6:20pm,Bus,landed,30/07/2026
83,VA428,Sydney,6:10pm,13,landed,30/07/2026
84,QQ3141,Olympic Dam,6:40pm,,landed,30/07/2026
85,QF693,Melbourne,6:50pm,21,landed,30/07/2026
86,QF1857,Alice Springs,7:00pm,24,landed,30/07/2026
87,QF743,Sydney,7:04pm,25,landed,30/07/2026
88,VA1504,Cairns,7:55pm,13,landed,30/07/2026
89,VA9318,Olympic Dam,7:20pm,26,landed,30/07/2026
90,QF1809,Brisbane,7:08pm,23,landed,30/07/2026
91,VA434,Sydney,7:25pm,14,landed,30/07/2026
92,QF697,Melbourne,7:56pm,22,landed,30/07/2026
93,ZL4847,Broken Hill,8:15pm,Bus,landed,30/07/2026
94,QF745,Sydney,8:16pm,19,landed,30/07/2026
95,ZL4397,Port Lincoln,8:45pm,Bus,landed,30/07/2026
96,QF1799,Canberra,8:20pm,25,landed,30/07/2026
97,VA442,Sydney,9:00pm,14,landed,30/07/2026
98,JQ621,Avalon,9:25pm,21,landed,30/07/2026
99,JQ804,Brisbane,9:35pm,26,landed,30/07/2026
100,VA247,Melbourne,9:00pm,12,landed,30/07/2026
101,QF1811,Brisbane,9:04pm,24,landed,30/07/2026
102,VA579,Canberra,9:10pm,13,landed,30/07/2026
103,QF888,Perth,9:17pm,22,landed,30/07/2026
104,JQ782,Melbourne,10:30pm,25,landed,30/07/2026
105,JQ768,Sydney,9:49pm,25,landed,30/07/2026
106,VA1404,Brisbane,9:55pm,12,landed,30/07/2026
107,VA722,Perth,10:10pm,15,landed,30/07/2026
108,JQ689,Darwin,10:25pm,21,landed,30/07/2026
109,QF749,Sydney,10:21pm,16,landed,30/07/2026
0,QF671,Melbourne,6:54am,26,landed,31/07/2026
1,QF2580,Port Lincoln,7:32am,,landed,31/07/2026
2,ZL4351,Port Lincoln,7:50am,Bus,landed,31/07/2026
3,JQ776,Melbourne,7:50am,19,landed,31/07/2026
4,QF731,Sydney,7:45am,22,landed,31/07/2026
5,ZL4612,Mount Gambier,8:05am,Bus,landed,31/07/2026
6,VA211,Melbourne,8:05am,14,landed,31/07/2026
7,JQ760,Sydney,8:07am,25,landed,31/07/2026
8,VA1384,Brisbane,8:25am,13,landed,31/07/2026
9,QF1277,Brisbane,8:30am,23,landed,31/07/2026
10,VA404,Sydney,8:45am,12,landed,31/07/2026
11,QF2572,Whyalla,8:35am,,landed,31/07/2026
12,NC245,Prominent Hill,9:05am,,landed,31/07/2026
13,QF2551,Canberra,8:59am,,landed,31/07/2026
14,JQ800,Brisbane,9:05am,26,landed,31/07/2026
15,QF675,Melbourne,9:20am,22,landed,31/07/2026
16,QF1993,Sydney,9:45am,14,landed,31/07/2026
17,ZL4819,Broken Hill,9:50am,Bus,cancelled,31/07/2026
18,QF1907,Darwin,9:48am,23,landed,31/07/2026
19,QF882,Perth,9:55am,24,landed,31/07/2026
20,VA217,Melbourne,10:05am,13,landed,31/07/2026
21,QF2582,Port Lincoln,10:10am,,landed,31/07/2026
22,QQ3111,Olympic Dam,10:15am,21,landed,31/07/2026
23,ZL4357,Port Lincoln,10:20am,Bus,landed,31/07/2026
24,JQ857,Perth,10:25am,25,landed,31/07/2026
25,QF1795,Canberra,10:15am,16,landed,31/07/2026
26,NC233,Prominent Hill,10:30am,,landed,31/07/2026
27,JQ774,Melbourne,10:40am,26,landed,31/07/2026
28,NC783,Port Augusta,10:00am,,landed,31/07/2026
29,VA412,Sydney,11:00am,15,landed,31/07/2026
30,VA219,Melbourne,10:55am,13,landed,31/07/2026
31,QF733,Sydney,11:06am,22,landed,31/07/2026
32,VA1388,Brisbane,11:05am,12,landed,31/07/2026
33,JQ762,Sydney,11:04am,21,landed,31/07/2026
34,QF679,Melbourne,11:10am,24,landed,31/07/2026
35,QF1803,Brisbane,11:16am,23,landed,31/07/2026
36,ZL4618,Mount Gambier,11:25am,Bus,landed,31/07/2026
37,QF2561,Kingscote,11:31am,,landed,31/07/2026
38,JQ772,Melbourne,11:27am,25,landed,31/07/2026
39,QQ8623,Moomba,11:30am,,landed,31/07/2026
40,VA712,Perth,11:30am,14,landed,31/07/2026
41,ZL9381,Ceduna,11:35am,Bus,landed,31/07/2026
42,VA414,Sydney,11:40am,13,landed,31/07/2026
43,QF735,Sydney,11:48am,26,landed,31/07/2026
44,QF1805,Brisbane,12:34pm,24,landed,31/07/2026
45,QF1817,Alice Springs,12:39pm,19,landed,31/07/2026
46,JQ963,Cairns,1:05pm,15,landed,31/07/2026
47,QF1909,Newcastle,12:56pm,26,landed,31/07/2026
48,JQ499,Gold Coast,1:15pm,25,landed,31/07/2026
49,QF884,Perth,1:20pm,22,landed,31/07/2026
50,QF683,Melbourne,1:33pm,24,landed,31/07/2026
51,ZL4367,Port Lincoln,1:35pm,Bus,landed,31/07/2026
52,QF737,Sydney,1:28pm,23,landed,31/07/2026
53,VA227,Melbourne,1:40pm,14,landed,31/07/2026
54,VA418,Sydney,1:55pm,13,landed,31/07/2026
55,JQ770,Sydney,2:06pm,21,landed,31/07/2026
56,ZL4487,Coober Pedy,3:00pm,Bus,landed,31/07/2026
57,ZL4377,Port Lincoln,3:10pm,Bus,landed,31/07/2026
58,QF2586,Port Lincoln,3:29pm,,landed,31/07/2026
59,QF1797,Canberra,3:25pm,24,landed,31/07/2026
60,QF687,Melbourne,3:37pm,22,landed,31/07/2026
61,VA231,Melbourne,3:45pm,15,landed,31/07/2026
62,JQ680,Hobart,3:52pm,25,landed,31/07/2026
63,QF739,Sydney,4:26pm,23,landed,31/07/2026
64,VA1746,Alice Springs,4:50pm,13,landed,31/07/2026
65,VA1448,Gold Coast,5:00pm,14,landed,31/07/2026
66,JQ764,Sydney,4:35pm,16,landed,31/07/2026
67,QF1283,Brisbane,4:42pm,21,landed,31/07/2026
68,VA233,Melbourne,5:00pm,12,landed,31/07/2026
69,NC237,Port Augusta,5:10pm,,landed,31/07/2026
70,JQ778,Melbourne,5:12pm,25,landed,31/07/2026
71,ZL4135,Ceduna,5:55pm,Bus,landed,31/07/2026
72,QF1905,Darwin,5:39pm,22,landed,31/07/2026
73,VA718,Perth,5:40pm,15,landed,31/07/2026
74,QF691,Melbourne,5:35pm,24,landed,31/07/2026
75,NC785,Port Augusta,5:55pm,50,landed,31/07/2026
76,QF886,Perth,6:19pm,23,landed,31/07/2026
77,VA1398,Brisbane,5:50pm,16,landed,31/07/2026
78,QQ3137,Olympic Dam,6:10pm,,landed,31/07/2026
79,ZL4389,Port Lincoln,6:10pm,Bus,landed,31/07/2026
80,VA237,Melbourne,6:10pm,13,landed,31/07/2026
81,QF2576,Whyalla,6:04pm,50,landed,31/07/2026
82,ZL4632,Mount Gambier,6:20pm,Bus,landed,31/07/2026
83,QF2563,Kingscote,6:11pm,,landed,31/07/2026
84,QF741,Sydney,6:15pm,21,landed,31/07/2026
85,VA428,Sydney,6:25pm,14,landed,31/07/2026
86,ZL9383,Ceduna,6:40pm,Bus,landed,31/07/2026
87,QF693,Melbourne,6:50pm,24,landed,31/07/2026
88,QF743,Sydney,6:50pm,25,landed,31/07/2026
89,VA241,Melbourne,7:05pm,16,landed,31/07/2026
90,VA434,Sydney,7:15pm,12,landed,31/07/2026
91,QF1809,Brisbane,9:22pm,21,landed,31/07/2026
92,JQ621,Avalon,8:00pm,23,landed,31/07/2026
93,QF697,Melbourne,7:57pm,24,landed,31/07/2026
94,ZL4847,Broken Hill,9:25pm,Bus,landed,31/07/2026
95,QF745,Sydney,8:11pm,21,landed,31/07/2026
96,ZL4397,Port Lincoln,8:20pm,Bus,landed,31/07/2026
97,JQ497,Gold Coast,8:25pm,26,landed,31/07/2026
98,QF1799,Canberra,8:22pm,22,landed,31/07/2026
99,VA442,Sydney,9:05pm,14,landed,31/07/2026
100,VA247,Melbourne,9:00pm,15,landed,31/07/2026
101,JQ780,Melbourne,9:00pm,26,landed,31/07/2026
102,QF1811,Brisbane,9:05pm,25,landed,31/07/2026
103,VA579,Canberra,9:25pm,13,landed,31/07/2026
104,QF888,Perth,9:14pm,22,landed,31/07/2026
105,JQ782,Melbourne,9:45pm,26,landed,31/07/2026
106,JQ768,Sydney,10:21pm,15,landed,31/07/2026
107,VA1404,Brisbane,10:00pm,12,landed,31/07/2026
108,VA722,Perth,10:10pm,16,landed,31/07/2026
109,JQ689,Darwin,10:45pm,19,landed,31/07/2026
110,QF749,Sydney,10:17pm,25,landed,31/07/2026
0,QF671,Melbourne,6:55am,23,landed,01/08/2026
1,QF2580,Port Lincoln,7:14am,,landed,01/08/2026
2,JQ776,Melbourne,7:42am,26,landed,01/08/2026
3,ZL4612,Mount Gambier,8:05am,Bus,landed,01/08/2026
4,VA211,Melbourne,8:05am,14,landed,01/08/2026
5,JQ760,Sydney,8:00am,25,landed,01/08/2026
6,QF1801,Brisbane,8:32am,20,landed,01/08/2026
7,VA404,Sydney,8:45am,12,landed,01/08/2026
8,ZL4353,Port Lincoln,9:00am,Bus,landed,01/08/2026
9,JQ800,Brisbane,9:10am,26,landed,01/08/2026
10,QF675,Melbourne,9:22am,21,landed,01/08/2026
11,QF1993,Sydney,9:51am,22,landed,01/08/2026
12,QF1907,Darwin,9:31am,23,landed,01/08/2026
13,QQ3205,Olympic Dam,10:00am,50,landed,01/08/2026
14,QF2582,Port Lincoln,9:55am,,landed,01/08/2026
15,VA217,Melbourne,10:05am,13,landed,01/08/2026
16,JQ961,Cairns,11:50am,25,landed,01/08/2026
17,QF1795,Canberra,10:05am,24,landed,01/08/2026
18,JQ774,Melbourne,10:20am,26,landed,01/08/2026
19,VA412,Sydney,10:47am,12,landed,01/08/2026
20,ZL4363,Port Lincoln,11:00am,Bus,landed,01/08/2026
21,VA219,Melbourne,11:10am,16,landed,01/08/2026
22,QF733,Sydney,11:11am,20,landed,01/08/2026
23,VA1388,Brisbane,10:55am,14,landed,01/08/2026
24,QF679,Melbourne,11:17am,23,landed,01/08/2026
25,JQ762,Sydney,11:22am,19,landed,01/08/2026
26,QF2561,Kingscote,11:11am,,landed,01/08/2026
27,VA712,Perth,11:05am,13,landed,01/08/2026
28,JQ772,Melbourne,11:25am,21,landed,01/08/2026
29,QF735,Sydney,11:45am,22,landed,01/08/2026
30,QF1281,Brisbane,12:24pm,20,landed,01/08/2026
31,QF1817,Alice Springs,12:36pm,23,landed,01/08/2026
32,JQ963,Cairns,1:04pm,26,landed,01/08/2026
33,JQ499,Gold Coast,1:00pm,21,landed,01/08/2026
34,JQ859,Perth,1:42pm,25,landed,01/08/2026
35,QF884,Perth,1:06pm,22,landed,01/08/2026
36,ZL4367,Port Lincoln,1:35pm,Bus,landed,01/08/2026
37,QF737,Sydney,1:23pm,16,landed,01/08/2026
38,VA227,Melbourne,2:05pm,13,landed,01/08/2026
39,VA418,Sydney,1:50pm,12,unknown,01/08/2026
40,QF2586,Port Lincoln,3:21pm,,landed,01/08/2026
41,QF687,Melbourne,3:35pm,22,landed,01/08/2026
42,QF739,Sydney,4:25pm,23,landed,01/08/2026
43,VA1448,Gold Coast,4:25pm,13,landed,01/08/2026
44,JQ111,Denpasar,4:06pm,16,landed,01/08/2026
45,QF1807,Brisbane,4:43pm,21,landed,01/08/2026
46,VA233,Melbourne,5:00pm,12,landed,01/08/2026
47,JQ778,Melbourne,5:12pm,25,landed,01/08/2026
48,VA718,Perth,5:20pm,14,landed,01/08/2026
49,QF1905,Darwin,5:35pm,22,landed,01/08/2026
50,QF691,Melbourne,5:34pm,23,landed,01/08/2026
51,JQ807,Maroochydore,5:55pm,26,landed,01/08/2026
52,VA1398,Brisbane,5:55pm,13,landed,01/08/2026
53,QF741,Sydney,6:05pm,24,landed,01/08/2026
54,QF693,Melbourne,6:53pm,22,landed,01/08/2026
55,QF1809,Brisbane,7:10pm,23,landed,01/08/2026
56,VA434,Sydney,7:15pm,12,landed,01/08/2026
57,QQ3213,Olympic Dam,7:25pm,,landed,01/08/2026
58,QF697,Melbourne,7:58pm,21,landed,01/08/2026
59,JQ804,Brisbane,9:05pm,26,landed,01/08/2026
60,QF888,Perth,9:23pm,24,landed,01/08/2026
61,JQ782,Melbourne,10:04pm,16,landed,01/08/2026
62,JQ768,Sydney,9:56pm,15,landed,01/08/2026
63,JQ689,Darwin,10:20pm,19,landed,01/08/2026
64,QF749,Sydney,10:19pm,20,landed,01/08/2026
0,QF671,Melbourne,6:56am,14,landed,02/08/2026
1,JQ776,Melbourne,8:05am,23,landed,02/08/2026
2,VA211,Melbourne,7:55am,13,landed,02/08/2026
3,JQ760,Sydney,8:02am,25,landed,02/08/2026
4,VA404,Sydney,8:50am,14,landed,02/08/2026
5,JQ800,Sydney,2:50pm,21,landed,02/08/2026
6,QF675,Melbourne,9:28am,23,landed,02/08/2026
7,QF1907,Darwin,9:50am,16,landed,02/08/2026
8,QF2582,Port Lincoln,10:00am,,landed,02/08/2026
9,VA217,Melbourne,10:00am,14,landed,02/08/2026
10,JQ961,Cairns,11:40am,25,landed,02/08/2026
11,JQ857,Perth,10:10am,21,landed,02/08/2026
12,QF1795,Canberra,10:21am,20,landed,02/08/2026
13,JQ774,Melbourne,10:33am,25,landed,02/08/2026
14,VA412,Sydney,11:10am,14,landed,02/08/2026
15,ZL4363,Port Lincoln,11:00am,Bus,landed,02/08/2026
16,VA219,Melbourne,11:10am,15,landed,02/08/2026
17,QF733,Sydney,11:11am,22,landed,02/08/2026
18,VA1388,Brisbane,11:05am,13,landed,02/08/2026
19,QF1803,Brisbane,11:21am,24,landed,02/08/2026
20,JQ762,Sydney,11:26am,19,landed,02/08/2026
21,QF679,Melbourne,11:27am,23,landed,02/08/2026
22,JQ772,Melbourne,11:20am,21,landed,02/08/2026
23,VA712,Perth,11:25am,16,landed,02/08/2026
24,QF735,Sydney,12:08pm,20,landed,02/08/2026
25,QF1805,Brisbane,12:18pm,21,landed,02/08/2026
26,QF1817,Alice Springs,1:00pm,23,landed,02/08/2026
27,QF2584,Port Lincoln,12:41pm,50,landed,02/08/2026
28,JQ963,Cairns,12:35pm,25,landed,02/08/2026
29,JQ499,Gold Coast,1:28pm,26,landed,02/08/2026
30,QF884,Perth,1:13pm,24,landed,02/08/2026
31,QF683,Melbourne,1:33pm,20,landed,02/08/2026
32,ZL4367,Port Lincoln,1:35pm,Bus,landed,02/08/2026
33,QF737,Sydney,1:42pm,22,landed,02/08/2026
34,VA227,Melbourne,1:35pm,13,landed,02/08/2026
35,VA418,Sydney,1:50pm,14,landed,02/08/2026
36,QF2574,Whyalla,1:47pm,50,landed,02/08/2026
37,JQ770,Sydney,2:10pm,19,landed,02/08/2026
38,ZL4825,Broken Hill,2:50pm,Bus,landed,02/08/2026
39,ZL4377,Port Lincoln,3:10pm,Bus,landed,02/08/2026
40,QF2551,Canberra,3:15pm,,landed,02/08/2026
41,QF2586,Port Lincoln,4:38pm,50,landed,02/08/2026
42,QF1797,Canberra,3:25pm,24,landed,02/08/2026
43,QF1909,Newcastle,3:15pm,22,landed,02/08/2026
44,VA231,Melbourne,3:35pm,15,landed,02/08/2026
45,QF687,Melbourne,4:06pm,23,landed,02/08/2026
46,JQ680,Hobart,3:43pm,26,landed,02/08/2026
47,VA424,Sydney,3:55pm,14,landed,02/08/2026
48,QF739,Sydney,4:16pm,21,landed,02/08/2026
49,VA1448,Gold Coast,4:25pm,13,landed,02/08/2026
50,JQ764,Sydney,5:40pm,25,landed,02/08/2026
51,QF1283,Brisbane,4:55pm,17,cancelled,02/08/2026
52,VA233,Melbourne,5:10pm,16,landed,02/08/2026
53,JQ778,Melbourne,5:05pm,26,landed,02/08/2026
54,ZL4135,Ceduna,5:30pm,Bus,landed,02/08/2026
55,QF1905,Darwin,5:15pm,24,landed,02/08/2026
56,VA718,Perth,5:40pm,12,landed,02/08/2026
57,QF691,Melbourne,5:47pm,21,landed,02/08/2026
58,QF886,Perth,6:05pm,23,landed,02/08/2026
59,NC743,Carrapateena,6:05pm,50,landed,02/08/2026
60,VA237,Melbourne,6:05pm,15,landed,02/08/2026
61,ZL4389,Port Lincoln,6:10pm,Bus,landed,02/08/2026
62,VA1398,Brisbane,6:10pm,14,landed,02/08/2026
63,QF2576,Whyalla,5:59pm,,landed,02/08/2026
64,ZL4632,Mount Gambier,6:20pm,Bus,landed,02/08/2026
65,VA428,Sydney,6:15pm,13,landed,02/08/2026
66,QF2563,Kingscote,6:23pm,,landed,02/08/2026
67,QF741,Sydney,6:24pm,26,landed,02/08/2026
68,QQ3241,Olympic Dam,7:00pm,,landed,02/08/2026
69,QF693,Melbourne,7:36pm,24,landed,02/08/2026
70,QF743,Sydney,7:09pm,21,landed,02/08/2026
71,VA241,Melbourne,7:50pm,14,landed,02/08/2026
72,QF1809,Brisbane,7:05pm,25,landed,02/08/2026
73,VA434,Sydney,8:05pm,12,landed,02/08/2026
74,JQ621,Avalon,7:32pm,26,landed,02/08/2026
75,QF697,Melbourne,8:12pm,23,landed,02/08/2026
76,ZL4397,Port Lincoln,8:20pm,Bus,landed,02/08/2026
77,JQ497,Gold Coast,8:30pm,24,landed,02/08/2026
78,QF1799,Canberra,8:36pm,16,landed,02/08/2026
79,VA442,Sydney,8:55pm,13,landed,02/08/2026
80,JQ780,Melbourne,9:00pm,15,landed,02/08/2026
81,QF1811,Brisbane,9:15pm,25,landed,02/08/2026
82,VA579,Canberra,9:15pm,14,landed,02/08/2026
83,QF888,Perth,9:13pm,22,landed,02/08/2026
84,JQ782,Melbourne,9:52pm,26,landed,02/08/2026
85,JQ768,Sydney,10:29pm,15,landed,02/08/2026
86,VA1404,Brisbane,10:05pm,13,landed,02/08/2026
87,VA722,Perth,9:55pm,12,landed,02/08/2026
88,JQ689,Darwin,10:26pm,18,landed,02/08/2026
89,VA247,Melbourne,10:25pm,19,landed,02/08/2026
90,QF749,Sydney,10:36pm,20,landed,02/08/2026
